{
    "id": "SecondBedroom-152228",
    "valid_objects": [
        {
            "jid": "53d8a7d2-1c47-4466-8e6c-867e3a63fe58",
            "category_id": "2374eec6-a564-4f13-ba49-df54fe5b01f5",
            "size": {
                "xLen": 65.18240356445312,
                "yLen": 97.22699737548828,
                "zLen": 10.400099754333496
            },
            "scale": [
                1.0,
                1.0,
                1.0
            ],
            "pos": [
                13.979846211917282,
                2.5959955014801026,
                0.23904718291903057
            ],
            "rot": [
                0.0,
                0.0,
                0.0,
                1.0
            ],
            "category": "Ceiling Lamp",
            "floor": [
                [
                    12.19089,
                    1.57913
                ],
                [
                    12.19303,
                    -1.10105
                ],
                [
                    15.97263,
                    -1.10105
                ],
                [
                    15.97252,
                    1.57913
                ],
                [
                    12.19089,
                    1.57913
                ]
            ],
            "unormalized_bbox": [
                [
                    13.653934194095017,
                    2.5959955014801026,
                    0.18704668414736308
                ],
                [
                    14.305758229739547,
                    3.082130488357544,
                    0.29104768169069806
                ]
            ],
            "new_bbox": [
                [
                    0.386870645283657,
                    1.0383982005920411,
                    0.4806008119407514
                ],
                [
                    0.559231525630939,
                    1.2328521953430176,
                    0.5194045480865831
                ]
            ],
            "type": "lamp",
            "rotation": 0.0
        },
        {
            "jid": "b3e73de5-e531-42e9-9883-fa9daabc0de7",
            "category_id": "41ac92b5-5f88-46d0-a59a-e1ed31739154",
            "size": {
                "xLen": 165.38800048828125,
                "yLen": 205.83099365234375,
                "zLen": 69.98139953613281
            },
            "scale": [
                1.0,
                1.0,
                1.0
            ],
            "pos": [
                14.878185463828784,
                0.0,
                0.4813333118319451
            ],
            "rot": [
                0.0,
                1.0,
                0.0,
                0.0
            ],
            "category": "King-size Bed",
            "floor": [
                [
                    12.19089,
                    1.57913
                ],
                [
                    12.19303,
                    -1.10105
                ],
                [
                    15.97263,
                    -1.10105
                ],
                [
                    15.97252,
                    1.57913
                ],
                [
                    12.19089,
                    1.57913
                ]
            ],
            "unormalized_bbox": [
                [
                    14.051245461387378,
                    0.0,
                    0.13142631415128103
                ],
                [
                    15.70512546627019,
                    1.0291549682617187,
                    0.8312403095126092
                ]
            ],
            "new_bbox": [
                [
                    0.49193108499986193,
                    0.0,
                    0.4598483363622149
                ],
                [
                    0.9292641657729481,
                    0.4116619873046875,
                    0.7209554244538089
                ]
            ],
            "type": "bed",
            "rotation": 0.0
        },
        {
            "jid": "62da127b-5543-4a5b-a5f9-582ddcb3d029",
            "category_id": "6b1f9a31-9363-4e63-ae8d-28b5277aebf0",
            "size": {
                "xLen": 43.67210006713867,
                "yLen": 47.92390060424805,
                "zLen": 88.71900177001953
            },
            "scale": [
                1.0,
                1.0,
                1.0
            ],
            "pos": [
                13.205836750889546,
                0.0,
                0.6910886521281668
            ],
            "rot": [
                0.0,
                0.0,
                0.0,
                1.0
            ],
            "category": "Lounge Chair / Cafe Chair / Office Chair",
            "floor": [
                [
                    12.19089,
                    1.57913
                ],
                [
                    12.19303,
                    -1.10105
                ],
                [
                    15.97263,
                    -1.10105
                ],
                [
                    15.97252,
                    1.57913
                ],
                [
                    12.19089,
                    1.57913
                ]
            ],
            "unormalized_bbox": [
                [
                    12.987476250553852,
                    0.0,
                    0.24749364327806916
                ],
                [
                    13.42419725122524,
                    0.23961950302124024,
                    1.1346836609782645
                ]
            ],
            "new_bbox": [
                [
                    0.21064014198592515,
                    0.0,
                    0.5031541326620113
                ],
                [
                    0.32612164009827205,
                    0.09584780120849609,
                    0.8341729514354501
                ]
            ],
            "type": "chair",
            "rotation": 0.0
        },
        {
            "jid": "c6cb7406-f11a-401c-9010-4ceb76dd889f",
            "category_id": "5c76d84c-aa8c-4bb8-88fc-cbf8da81be71",
            "size": {
                "xLen": 105.69000244140625,
                "yLen": 47.13140106201172,
                "zLen": 72.1719970703125
            },
            "scale": [
                1.0,
                1.0,
                1.0
            ],
            "pos": [
                13.30850098794305,
                0.0,
                1.3594031421675699
            ],
            "rot": [
                0.0,
                1.0,
                0.0,
                0.0
            ],
            "category": "Desk",
            "floor": [
                [
                    12.19089,
                    1.57913
                ],
                [
                    12.19303,
                    -1.10105
                ],
                [
                    15.97263,
                    -1.10105
                ],
                [
                    15.97252,
                    1.57913
                ],
                [
                    12.19089,
                    1.57913
                ]
            ],
            "unormalized_bbox": [
                [
                    12.78005097573602,
                    0.0,
                    0.9985431568160074
                ],
                [
                    13.836951000150082,
                    0.2356570053100586,
                    1.7202631275191322
                ]
            ],
            "new_bbox": [
                [
                    0.15579097868600683,
                    0.0,
                    0.7833776674760677
                ],
                [
                    0.4352655127401888,
                    0.09426280212402344,
                    1.0526580780093622
                ]
            ],
            "type": "desk",