{
    "id": "SecondBedroom-16901",
    "valid_objects": [
        {
            "jid": "2e1cb7d1-97d0-4e29-91ed-d8ac86655c68",
            "category_id": "41ac92b5-5f88-46d0-a59a-e1ed31739154",
            "size": {
                "xLen": 212.33299255371094,
                "yLen": 242.8280029296875,
                "zLen": 104.41000366210938
            },
            "scale": [
                1.0,
                1.0,
                1.0
            ],
            "pos": [
                -4.813316488536948,
                0.0,
                -3.8848623847859227
            ],
            "rot": [
                0.0,
                0.0,
                0.0,
                1.0
            ],
            "category": "King-size Bed",
            "floor": [
                [
                    -6.0547,
                    -1.5014
                ],
                [
                    -3.07671,
                    -1.5014
                ],
                [
                    -3.0738,
                    -2.68129
                ],
                [
                    -3.0677,
                    -5.1041
                ],
                [
                    -6.0547,
                    -5.1041
                ],
                [
                    -6.0547,
                    -1.5014
                ]
            ],
            "unormalized_bbox": [
                [
                    -5.874981451305503,
                    0.0,
                    -4.406912403096469
                ],
                [
                    -3.7516515257683936,
                    1.2141400146484376,
                    -3.3628123664753757
                ]
            ],
            "new_bbox": [
                [
                    0.06016690615818453,
                    0.0,
                    0.19351808279999186
                ],
                [
                    0.7710239284337483,
                    0.485656005859375,
                    0.48332851292769985
                ]
            ],
            "type": "bed",
            "rotation": 0.0
        },
        {
            "jid": "fa9229b4-7d48-40f2-adef-ceccab8697f5",
            "category_id": "89404b8a-5bb6-42cf-95fa-73c9bfba4c97",
            "size": {
                "xLen": 39.07160186767578,
                "yLen": 36.61600112915039,
                "zLen": 49.64609909057617
            },
            "scale": [
                1.0,
                1.0,
                1.0
            ],
            "pos": [
                -3.5045104887330787,
                0.0,
                -4.981857821524287
            ],
            "rot": [
                0.0,
                0.0,
                0.0,
                1.0
            ],
            "category": "Nightstand",
            "floor": [
                [
                    -6.0547,
                    -1.5014
                ],
                [
                    -3.07671,
                    -1.5014
                ],
                [
                    -3.0738,
                    -2.68129
                ],
                [
                    -3.0677,
                    -5.1041
                ],
                [
                    -6.0547,
                    -5.1041
                ],
                [
                    -6.0547,
                    -1.5014
                ]
            ],
            "unormalized_bbox": [
                [
                    -3.699868498071458,
                    0.0,
                    -5.2300883169771675
                ],
                [
                    -3.3091524793946996,
                    0.18308000564575194,
                    -4.733627326071406
                ]
            ],
            "new_bbox": [
                [
                    0.7883600609067768,
                    0.0,
                    -0.034970526820764326
                ],
                [
                    0.9191655576181119,
                    0.07323200225830077,
                    0.10283195212718078
                ]
            ],
            "type": "nightstand",
            "rotation": 0.0
        },
        {
            "jid": "d8633416-c410-435e-8816-d96e548473bb",
            "category_id": "e7a0801e-7abd-4634-b3bc-8777342d124e",
            "size": {
                "xLen": 40.0723991394043,
                "yLen": 40.0786018371582,
                "zLen": 48.496498107910156
            },
            "scale": [
                1.0,
                1.0,
                1.0
            ],
            "pos": [
                -4.8112100690732165,
                2.3851750183105467,
                -3.8234585644087455
            ],
            "rot": [
                0.0,
                0.0,
                0.0,
                1.0
            ],
            "category": "Pendant Lamp",
            "floor": [
                [
                    -6.0547,
                    -1.5014
                ],
                [
                    -3.07671,
                    -1.5014
                ],
                [
                    -3.0738,
                    -2.68129
                ],
                [
                    -3.0677,
                    -5.1041
                ],
                [
                    -6.0547,
                    -5.1041
                ],
                [
                    -6.0547,
                    -1.5014
                ]
            ],
            "unormalized_bbox": [
                [
                    -5.011572064770238,
                    2.3851750183105467,
                    -4.065941054948296
                ],
                [
                    -4.610848073376195,
                    2.5855680274963375,
                    -3.580976073869195
                ]
            ],
            "new_bbox": [
                [
                    0.3492226097187017,
                    0.9540700073242186,
                    0.288161363713799
                ],
                [
                    0.4833786162115184,
                    1.034227210998535,
                    0.42277289980592475
                ]
            ],
            "type": "lamp",
            "rotation": 0.0
        }
    ],
    "bbox": [
        2.9870000000000005,
        2.5,
        3.6026999999999996
    ],
    "existing_objects": [
        0.0,
        0.0,
        0.0,
        0.0,
        0.0,
        0.0,
        0.0,
        0.0,
        1.0,
        0.0,
        0.0,
        0.0,
        0.0,
        0.0,
        0.0,
        0.0
    ]
}