{
    "id": "Bedroom-933",
    "valid_objects": [
        {
            "jid": "436914ed-ce9d-48a8-8de2-89c3e4e1d83c",
            "category_id": "41ac92b5-5f88-46d0-a59a-e1ed31739154",
            "size": {
                "xLen": 184.39999389648438,
                "yLen": 220.15699768066406,
                "zLen": 125.08300018310547
            },
            "scale": [
                1.0,
                1.0,
                1.0
            ],
            "pos": [
                2.5258938164959384,
                0.0,
                -2.2456732961244583
            ],
            "rot": [
                0.0,
                0.0,
                0.0,
                1.0
            ],
            "category": "King-size Bed",
            "floor": [
                [
                    2.3677,
                    -0.3266
                ],
                [
                    4.0782,
                    -0.3266
                ],
                [
                    4.0782,
                    -3.3553
                ],
                [
                    0.5321,
                    -3.3553
                ],
                [
                    0.5321,
                    -0.3266
                ],
                [
                    2.3677,
                    -0.3266
                ]
            ],
            "unormalized_bbox": [
                [
                    1.6038938470135164,
                    0.0,
                    -2.871088297039986
                ],
                [
                    3.4478937859783603,
                    1.1007849884033203,
                    -1.6202582952089308
                ]
            ],
            "new_bbox": [
                [
                    0.30224580440865073,
                    0.0,
                    0.15987443555321237
                ],
                [
                    0.822253683195161,
                    0.4403139953613281,
                    0.572866809123079
                ]
            ],
            "type": "bed",
            "rotation": 0.0
        },
        {
            "jid": "57f7e7c0-8ca3-4eee-b127-5a44c76a9a61",
            "category_id": "2dd2368f-a3eb-43c2-8a6b-d585cd19d9a6",
            "size": {
                "xLen": 205.85400390625,
                "yLen": 64.98870086669922,
                "zLen": 239.0780029296875
            },
            "scale": [
                1.0,
                1.0,
                1.0
            ],
            "pos": [
                0.8608302922647668,
                0.0,
                -2.3115145678623743
            ],
            "rot": [
                0.0,
                0.70711,
                0.0,
                0.70711
            ],
            "category": "Wardrobe",
            "floor": [
                [
                    2.3677,
                    -0.3266
                ],
                [
                    4.0782,
                    -0.3266
                ],
                [
                    4.0782,
                    -3.3553
                ],
                [
                    0.5321,
                    -3.3553
                ],
                [
                    0.5321,
                    -0.3266
                ],
                [
                    2.3677,
                    -0.3266
                ]
            ],
            "unormalized_bbox": [
                [
                    -0.16843972726648326,
                    0.0,
                    -3.5069045825108116
                ],
                [
                    1.890100311796017,
                    0.3249435043334961,
                    -1.1161245532139368
                ]
            ],
            "new_bbox": [
                [
                    -0.19755216357871558,
                    0.0,
                    -0.0500559918482555
                ],
                [
                    0.3829560113352745,
                    0.12997740173339845,
                    0.7393189971889139
                ]
            ],
            "type": "wardrobe",
            "rotation": 6.0
        },
        {
            "jid": "98d79c07-d61d-4849-9a96-78c9c1ab0466",
            "category_id": "89404b8a-5bb6-42cf-95fa-73c9bfba4c97",
            "size": {
                "xLen": 52.90409851074219,
                "yLen": 49.08039855957031,
                "zLen": 62.650299072265625
            },
            "scale": [
                1.0,
                1.0,
                1.0
            ],
            "pos": [
                3.7114205731017202,
                0.0,
                -3.1097982316734574
            ],
            "rot": [
                0.0,
                0.0,
                0.0,
                1.0
            ],
            "category": "Nightstand",
            "floor": [
                [
                    2.3677,
                    -0.3266
                ],
                [
                    4.0782,
                    -0.3266
                ],
                [
                    4.0782,
                    -3.3553
                ],
                [
                    0.5321,
                    -3.3553
                ],
                [
                    0.5321,
                    -0.3266
                ],
                [
                    2.3677,
                    -0.3266
                ]
            ],
            "unormalized_bbox": [
                [
                    3.4469000805480094,
                    0.0,
                    -3.4230497270347855
                ],
                [
                    3.975941065655431,
                    0.24540199279785158,
                    -2.7965467363121292
                ]
            ],
            "new_bbox": [
                [
                    0.821973458319847,
                    0.0,
                    -0.022369243251159018
                ],
                [
                    0.9711629862822343,
                    0.09816079711914064,
                    0.18448617020103375
                ]
            ],
            "type": "nightstand",
            "rotation": 0.0
        }
    ],
    "bbox": [
        3.5461,
        2.5,
        3.0287
    ],
    "existing_objects": [
        0.0,
        0.0,
        0.0,
        0.0,
        0.0,
        0.0,
        0.0,
        0.0,
        0.0,
        0.0,
        1.0,
        0.0,
        0.0,
        1.0,
        0.0,
        0.0
    ]
}