{
    "id": "MasterBedroom-88054",
    "valid_objects": [
        {
            "jid": "0bb806d9-0f7a-49f4-9cf6-495559349461",
            "category_id": "41ac92b5-5f88-46d0-a59a-e1ed31739154",
            "size": {
                "xLen": 147.6269989013672,
                "yLen": 181.2209930419922,
                "zLen": 127.46099853515625
            },
            "scale": [
                1.0,
                1.0,
                1.0
            ],
            "pos": [
                -2.4278096751110008,
                0.0,
                7.233895420765409
            ],
            "rot": [
                0.0,
                0.70711,
                0.0,
                0.70711
            ],
            "category": "King-size Bed",
            "floor": [
                [
                    -3.6129,
                    8.8798
                ],
                [
                    -0.504,
                    8.8798
                ],
                [
                    -0.504,
                    5.0419
                ],
                [
                    -3.6129,
                    5.0419
                ],
                [
                    -3.6129,
                    8.8798
                ]
            ],
            "unormalized_bbox": [
                [
                    -3.165944669617837,
                    0.0,
                    6.596590428089628
                ],
                [
                    -1.6896746806041647,
                    0.906104965209961,
                    7.87120041344119
                ]
            ],
            "new_bbox": [
                [
                    0.14376639016441925,
                    0.0,
                    0.4050888319366393
                ],
                [
                    0.6186192284717538,
                    0.36244198608398437,
                    0.7372001389929884
                ]
            ],
            "type": "bed",
            "rotation": 6.0
        },
        {
            "jid": "4a6aea75-8b07-426e-aaef-8f4a1841d513",
            "category_id": "2dd2368f-a3eb-43c2-8a6b-d585cd19d9a6",
            "size": {
                "xLen": 143.51600646972656,
                "yLen": 40.97129821777344,
                "zLen": 102.45700073242188
            },
            "scale": [
                1.0,
                1.0,
                1.0
            ],
            "pos": [
                -2.5571284597652406,
                0.0,
                5.676396388983978
            ],
            "rot": [
                0.0,
                0.0,
                0.0,
                1.0
            ],
            "category": "Wardrobe",
            "floor": [
                [
                    -3.6129,
                    8.8798
                ],
                [
                    -0.504,
                    8.8798
                ],
                [
                    -0.504,
                    5.0419
                ],
                [
                    -3.6129,
                    5.0419
                ],
                [
                    -3.6129,
                    8.8798
                ]
            ],
            "unormalized_bbox": [
                [
                    -3.2747084921138736,
                    0.0,
                    5.164111385321869
                ],
                [
                    -1.8395484274166078,
                    0.2048564910888672,
                    6.188681392646087
                ]
            ],
            "new_bbox": [
                [
                    0.10878172597578764,
                    0.0,
                    0.03184329589668014
                ],
                [
                    0.5704112620487607,
                    0.08194259643554688,
                    0.29880439632249073
                ]
            ],
            "type": "wardrobe",
            "rotation": 0.0
        },
        {
            "jid": "ae8f7363-ae47-44bb-8ce5-083d8654866f",
            "category_id": "5ad47fd2-b143-4af2-9961-e88a57b4a337",
            "size": {
                "xLen": 47.2775993347168,
                "yLen": 47.2775993347168,
                "zLen": 43.2681999206543
            },
            "scale": [
                1.0,
                1.0,
                1.0
            ],
            "pos": [
                -3.3742311148071282,
                0.0,
                8.47895
            ],
            "rot": [
                0.0,
                0.70711,
                0.0,
                0.70711
            ],
            "category": "Corner/Side Table",
            "floor": [
                [
                    -3.6129,
                    8.8798
                ],
                [
                    -0.504,
                    8.8798
                ],
                [
                    -0.504,
                    5.0419
                ],
                [
                    -3.6129,
                    5.0419
                ],
                [
                    -3.6129,
                    8.8798
                ]
            ],
            "unormalized_bbox": [
                [
                    -3.610619111480712,
                    0.0,
                    8.262609000396727
                ],
                [
                    -3.1378431181335444,
                    0.23638799667358398,
                    8.695290999603271
                ]
            ],
            "new_bbox": [
                [
                    0.0007336641639447266,
                    0.0,
                    0.8391852316101847
                ],
                [
                    0.15280545590609393,
                    0.0945551986694336,
                    0.9519244898520732
                ]
            ],
            "type": "table",
            "rotation": 6.0
        },
        {
            "jid": "074ef4d4-cb22-4a0e-a611-3a579b9b21a2",
            "category_id": "e7a0801e-7abd-4634-b3bc-8777342d124e",
            "size": {
                "xLen": 113.44599914550781,
                "yLen": 47.19200134277344,
                "zLen": 67.05139923095703
            },
            "scale": [
                1.0,
                1.0,
                1.0
            ],
            "pos": [
                -2.965053182510214,
                1.4814659881591798,
                8.50551
            ],
            "rot": [
                0.0,
                0.962,
                0.0,
                0.27306
            ],
            "category": "Pendant Lamp",
            "floor": [
                [
                    -3.6129,
                    8.8798
                ],
                [
                    -0.504,
                    8.8798
                ],
                [
                    -0.504,
                    5.0419
                ],
                [
                    -3.6129,
                    5.0419
                ],
                [
                    -3.6129,
                    8.8798
                ]
            ],
            "unormalized_bbox": [
                [
                    -3.532283178237753,
                    1.4814659881591798,
                    8.170253003845215
                ],
                [
                    -2.3978231867826754,
                    1.717425994873047,
                    8.840766996154784
                ]
            ],
            "new_bbox": [
                [
                    0.02593097936963129,
                    0.592586395263672,
                    0.8151210307317062
                ],
                [
                    0.3908381785253062,
                    0.6869703979492188,
                    0.9898295933074818
                ]
            ],
            "type": "lamp",
            "rotation": 2.0
        }
    ],
    "bbox": [
        3.1088999999999998,
        2.5,
        3.8378999999999994
    ],