{
    "id": "SecondBedroom-14277",
    "valid_objects": [
        {
            "jid": "76ea1494-a5ad-46a8-ad29-fbde851b263e",
            "category_id": "41ac92b5-5f88-46d0-a59a-e1ed31739154",
            "size": {
                "xLen": 255.39999389648438,
                "yLen": 214.53700256347656,
                "zLen": 98.23979949951172
            },
            "scale": [
                0.7726350758345106,
                1.0,
                1.051515597873868
            ],
            "pos": [
                -3.396,
                0.0,
                3.6179
            ],
            "rot": [
                0.0,
                1.0,
                0.0,
                0.0
            ],
            "category": "King-size Bed",
            "floor": [
                [
                    -4.8694,
                    4.7458
                ],
                [
                    -1.568,
                    4.7458
                ],
                [
                    -1.568,
                    1.8434
                ],
                [
                    -4.8694,
                    1.8434
                ],
                [
                    -4.8694,
                    4.7458
                ]
            ],
            "unormalized_bbox": [
                [
                    -4.672999969482422,
                    0.0,
                    3.1267010025024415
                ],
                [
                    -2.119000030517578,
                    1.0726850128173828,
                    4.109098997497559
                ]
            ],
            "new_bbox": [
                [
                    0.05948992261391455,
                    0.0,
                    0.44215166844764386
                ],
                [
                    0.8331010993767559,
                    0.42907400512695315,
                    0.7806294781896219
                ]
            ],
            "type": "bed",
            "rotation": 0.0
        },
        {
            "jid": "b1833d8e-5de3-4f85-9eb6-42b4767c53af",
            "category_id": "e7a0801e-7abd-4634-b3bc-8777342d124e",
            "size": {
                "xLen": 51.01070022583008,
                "yLen": 50.28049850463867,
                "zLen": 72.24349975585938
            },
            "scale": [
                1.032791139255179,
                1.0,
                1.0142501201185277
            ],
            "pos": [
                -3.2053,
                1.9826,
                3.3266
            ],
            "rot": [
                0.0,
                0.0,
                0.0,
                1.0
            ],
            "category": "Pendant Lamp",
            "floor": [
                [
                    -4.8694,
                    4.7458
                ],
                [
                    -1.568,
                    4.7458
                ],
                [
                    -1.568,
                    1.8434
                ],
                [
                    -4.8694,
                    1.8434
                ],
                [
                    -4.8694,
                    4.7458
                ]
            ],
            "unormalized_bbox": [
                [
                    -3.46035350112915,
                    1.9826,
                    2.965382501220703
                ],
                [
                    -2.9502464988708494,
                    2.234002492523193,
                    3.687817498779297
                ]
            ],
            "new_bbox": [
                [
                    0.4268027197161355,
                    0.79304,
                    0.3865705971681033
                ],
                [
                    0.5813150485034078,
                    0.8936009970092773,
                    0.6354801194801878
                ]
            ],
            "type": "lamp",
            "rotation": 0.0
        },
        {
            "jid": "6f02d910-2ab0-4540-897d-3510e3274b2b",
            "category_id": "e7a0801e-7abd-4634-b3bc-8777342d124e",
            "size": {
                "xLen": 67.72209930419922,
                "yLen": 69.51339721679688,
                "zLen": 88.01110076904297
            },
            "scale": [
                0.21547324381502514,
                1.0,
                0.2087712621525453
            ],
            "pos": [
                -4.4758,
                1.35,
                4.574
            ],
            "rot": [
                0.0,
                0.0,
                0.0,
                1.0
            ],
            "category": "Pendant Lamp",
            "floor": [
                [
                    -4.8694,
                    4.7458
                ],
                [
                    -1.568,
                    4.7458
                ],
                [
                    -1.568,
                    1.8434
                ],
                [
                    -4.8694,
                    1.8434
                ],
                [
                    -4.8694,
                    4.7458
                ]
            ],
            "unormalized_bbox": [
                [
                    -4.8144104965209955,
                    1.35,
                    4.133944496154785
                ],
                [
                    -4.137189503479004,
                    1.6975669860839844,
                    5.014055503845214
                ]
            ],
            "new_bbox": [
                [
                    0.016656419542922466,
                    0.54,
                    0.7891898071095594
                ],
                [
                    0.22178787681619805,
                    0.6790267944335937,
                    1.0924254078849278
                ]
            ],
            "type": "lamp",
            "rotation": 0.0
        },
        {
            "jid": "6f02d910-2ab0-4540-897d-3510e3274b2b",
            "category_id": "e7a0801e-7abd-4634-b3bc-8777342d124e",
            "size": {
                "xLen": 67.72209930419922,
                "yLen": 69.51339721679688,
                "zLen": 88.01110076904297
            },
            "scale": [
                0.21547324381502514,
                1.0,
                0.2087712621525453
            ],
            "pos": [
                -2.3449,
                1.35,
                4.6269
            ],
            "rot": [
                0.0,
                0.0,
                0.0,
                1.0
            ],
            "category": "Pendant Lamp",
            "floor": [
                [
                    -4.8694,
                    4.7458
                ],
                [
                    -1.568,
                    4.7458
                ],
                [
                    -1.568,
                    1.8434
                ],
                [
                    -4.8694,
                    1.8434
                ],
                [
                    -4.8694,
                    4.7458
                ]
            ],
            "unormalized_bbox": [
                [
                    -2.683510496520996,
                    1.35,
                    4.1868444961547855
                ],
                [
                    -2.006289503479004,
                    1.6975669860839844,
                    5.0669555038452145
                ]
            ],
            "new_bbox": [
                [
                    0.6621098635363797,
                    0.54,
                    0.8074161025891626
                ],
                [
                    0.8672413208096553,
                    0.6790267944335937,
                    1.110651703364531
                ]
            ],
            "type": "lamp",
            "rotation": 0.0
        },
        {
            "jid": "ae511bec-d70d-4347-b7d0-9836d9a37f60",
            "category_id": "2dd2368f-a3eb-43c2-8a6b-d585cd19d9a6",