{
    "id": "Bedroom-75355",
    "valid_objects": [
        {
            "jid": "5604bb8b-e57c-4eff-aae6-abdd037adfb9",
            "category_id": "a1804c08-fbdc-4696-9c38-3d3b143c1b02",
            "size": {
                "xLen": 161.4669952392578,
                "yLen": 33.49919891357422,
                "zLen": 45.97639846801758
            },
            "scale": [
                1.1235113615219041,
                1.0,
                1.3799613601782088
            ],
            "pos": [
                -2.9884,
                0.0,
                5.0791
            ],
            "rot": [
                0.0,
                -0.70711,
                0.0,
                0.70711
            ],
            "category": "TV Stand",
            "floor": [
                [
                    -6.0453,
                    6.9204
                ],
                [
                    -2.7573,
                    6.9204
                ],
                [
                    -2.7573,
                    2.6785
                ],
                [
                    -6.0453,
                    2.6785
                ],
                [
                    -6.0453,
                    6.9204
                ]
            ],
            "unormalized_bbox": [
                [
                    -3.795734976196289,
                    0.0,
                    4.849218007659912
                ],
                [
                    -2.181065023803711,
                    0.1674959945678711,
                    5.3089819923400885
                ]
            ],
            "new_bbox": [
                [
                    0.6841742773125641,
                    0.0,
                    0.5117324801763155
                ],
                [
                    1.175253946531718,
                    0.06699839782714843,
                    0.6201188128763263
                ]
            ],
            "type": "stand",
            "rotation": 18.0
        },
        {
            "jid": "593d94f0-4802-428c-9bd9-eb8b1f3776c5",
            "category_id": "41ac92b5-5f88-46d0-a59a-e1ed31739154",
            "size": {
                "xLen": 246.91900634765625,
                "yLen": 247.03500366210938,
                "zLen": 232.88600158691406
            },
            "scale": [
                0.7415468242532915,
                1.0,
                0.8843645268969391
            ],
            "pos": [
                -4.9295,
                0.0,
                5.0635
            ],
            "rot": [
                0.0,
                0.70711,
                0.0,
                0.70711
            ],
            "category": "King-size Bed",
            "floor": [
                [
                    -6.0453,
                    6.9204
                ],
                [
                    -2.7573,
                    6.9204
                ],
                [
                    -2.7573,
                    2.6785
                ],
                [
                    -6.0453,
                    2.6785
                ],
                [
                    -6.0453,
                    6.9204
                ]
            ],
            "unormalized_bbox": [
                [
                    -6.164095031738281,
                    0.0,
                    3.8990699920654297
                ],
                [
                    -3.694904968261719,
                    1.2351750183105468,
                    6.227930007934571
                ]
            ],
            "new_bbox": [
                [
                    -0.036129875832810486,
                    0.0,
                    0.28774134045249294
                ],
                [
                    0.7148403381199151,
                    0.4940700073242187,
                    0.8367547579939583
                ]
            ],
            "type": "bed",
            "rotation": 6.0
        },
        {
            "jid": "00c0ed18-9131-41f1-976e-52a8be0a0a21",
            "category_id": "2dd2368f-a3eb-43c2-8a6b-d585cd19d9a6",
            "size": {
                "xLen": 208.02200317382812,
                "yLen": 59.24580001831055,
                "zLen": 240.9980010986328
            },
            "scale": [
                0.9550912386405566,
                1.0,
                1.0127910007133507
            ],
            "pos": [
                -5.0519,
                0.0,
                2.9785
            ],
            "rot": [
                0.0,
                0.0,
                0.0,
                1.0
            ],
            "category": "Wardrobe",
            "floor": [
                [
                    -6.0453,
                    6.9204
                ],
                [
                    -2.7573,
                    6.9204
                ],
                [
                    -2.7573,
                    2.6785
                ],
                [
                    -6.0453,
                    2.6785
                ],
                [
                    -6.0453,
                    6.9204
                ]
            ],
            "unormalized_bbox": [
                [
                    -6.092010015869141,
                    0.0,
                    1.7735099945068358
                ],
                [
                    -4.011789984130859,
                    0.29622900009155273,
                    4.183490005493164
                ]
            ],
            "new_bbox": [
                [
                    -0.014206209205943033,
                    0.0,
                    -0.21334543612370976
                ],
                [
                    0.6184641167485222,
                    0.1184916000366211,
                    0.35479148624276013
                ]
            ],
            "type": "wardrobe",
            "rotation": 0.0
        },
        {
            "jid": "63312500-4559-4afb-ac52-53e06ca52b57",
            "category_id": "89404b8a-5bb6-42cf-95fa-73c9bfba4c97",
            "size": {
                "xLen": 59.21849822998047,
                "yLen": 49.7781982421875,
                "zLen": 57.20830154418945
            },
            "scale": [
                0.8443307664746988,
                1.0,
                0.8935136763916104
            ],
            "pos": [
                -5.8229,
                0.0,
                3.9367
            ],
            "rot": [
                0.0,
                0.70711,
                0.0,
                0.70711
            ],
            "category": "Dressing Table",
            "floor": [
                [
                    -6.0453,
                    6.9204
                ],
                [
                    -2.7573,
                    6.9204
                ],
                [
                    -2.7573,
                    2.6785
                ],
                [
                    -6.0453,
                    2.6785
                ],
                [
                    -6.0453,
                    6.9204
                ]
            ],
            "unormalized_bbox": [
                [
                    -6.118992491149902,
                    0.0,
                    3.650658492279053
                ],
                [
                    -5.526807508850098,
                    0.2488909912109375,
                    4.222741507720947
                ]
            ],
            "new_bbox": [
                [
                    -0.02241255813561481,
                    0.0,
                    0.2291799647042724
                ],
                [
                    0.1576923634884131,
                    0.099556396484375,
                    0.3640447694950252
                ]
            ],
            "type": "table",
            "rotation": 6.0
        },
        {
            "jid": "63312500-4559-4afb-ac52-53e06ca52b57",