{
    "id": "Bedroom-1111",
    "valid_objects": [
        {
            "jid": "39358b78-2735-4705-8811-35a255de7abd",
            "category_id": "41ac92b5-5f88-46d0-a59a-e1ed31739154",
            "size": {
                "xLen": 232.93600463867188,
                "yLen": 239.5780029296875,
                "zLen": 62.85879898071289
            },
            "scale": [
                1.0,
                1.0,
                1.0
            ],
            "pos": [
                -0.039344463728336145,
                0.0,
                -1.7203544702045164
            ],
            "rot": [
                0.0,
                0.0,
                0.0,
                1.0
            ],
            "category": "King-size Bed",
            "floor": [
                [
                    -1.3036,
                    -0.4308
                ],
                [
                    1.9817,
                    -0.4308
                ],
                [
                    1.9817,
                    -2.9862
                ],
                [
                    -1.3036,
                    -2.9862
                ],
                [
                    -1.3036,
                    -0.4308
                ]
            ],
            "unormalized_bbox": [
                [
                    -1.2040244869216956,
                    0.0,
                    -2.0346484651080807
                ],
                [
                    1.1253355594650232,
                    1.1978900146484375,
                    -1.406060475300952
                ]
            ],
            "new_bbox": [
                [
                    0.03030941255845873,
                    0.0,
                    0.3723689187179774
                ],
                [
                    0.7393344776626254,
                    0.479156005859375,
                    0.6183531050712405
                ]
            ],
            "type": "bed",
            "rotation": 0.0
        },
        {
            "jid": "02c42ff4-8c7b-4eb1-97e2-b40ed18b02eb",
            "category_id": "2dd2368f-a3eb-43c2-8a6b-d585cd19d9a6",
            "size": {
                "xLen": 310.97601318359375,
                "yLen": 72.57029724121094,
                "zLen": 223.1529998779297
            },
            "scale": [
                1.0,
                1.0,
                1.0
            ],
            "pos": [
                -0.9743952646496724,
                0.0,
                -2.147034869042573
            ],
            "rot": [
                0.0,
                -0.70711,
                0.0,
                -0.70711
            ],
            "category": "Wardrobe",
            "floor": [
                [
                    -1.3036,
                    -0.4308
                ],
                [
                    1.9817,
                    -0.4308
                ],
                [
                    1.9817,
                    -2.9862
                ],
                [
                    -1.3036,
                    -2.9862
                ],
                [
                    -1.3036,
                    -0.4308
                ]
            ],
            "unormalized_bbox": [
                [
                    -2.529275330567641,
                    0.0,
                    -3.2627998684322215
                ],
                [
                    0.5804848012682963,
                    0.3628514862060547,
                    -1.0312698696529248
                ]
            ],
            "new_bbox": [
                [
                    -0.3730786626997963,
                    0.0,
                    -0.10824131972772219
                ],
                [
                    0.5734894229654205,
                    0.14514059448242186,
                    0.7650192260887044
                ]
            ],
            "type": "wardrobe",
            "rotation": 6.0
        },
        {
            "jid": "f615b69a-6791-408c-85e3-8ac19e33dda0",
            "category_id": "5c76d84c-aa8c-4bb8-88fc-cbf8da81be71",
            "size": {
                "xLen": 198.7010040283203,
                "yLen": 80.05110168457031,
                "zLen": 72.49240112304688
            },
            "scale": [
                1.0,
                1.0,
                1.0
            ],
            "pos": [
                0.9317257186662522,
                0.0,
                -2.5773346137216113
            ],
            "rot": [
                0.0,
                0.0,
                0.0,
                1.0
            ],
            "category": "Desk",
            "floor": [
                [
                    -1.3036,
                    -0.4308
                ],
                [
                    1.9817,
                    -0.4308
                ],
                [
                    1.9817,
                    -2.9862
                ],
                [
                    -1.3036,
                    -2.9862
                ],
                [
                    -1.3036,
                    -0.4308
                ]
            ],
            "unormalized_bbox": [
                [
                    -0.06177930147534938,
                    0.0,
                    -2.9397966193368457
                ],
                [
                    1.9252307388078538,
                    0.40025550842285157,
                    -2.214872608106377
                ]
            ],
            "new_bbox": [
                [
                    0.37799308998406556,
                    0.0,
                    0.018158949934708665
                ],
                [
                    0.9828115358743048,
                    0.16010220336914063,
                    0.3018421350448553
                ]
            ],
            "type": "desk",
            "rotation": 0.0
        },
        {
            "jid": "0d831b81-3ec1-4f8c-bb27-e9ebd83ec3b4",
            "category_id": "30c7fefc-a32e-48e1-9458-dfab61595dc7",
            "size": {
                "xLen": 45.98830032348633,
                "yLen": 55.327999114990234,
                "zLen": 75.35749816894531
            },
            "scale": [
                1.0,
                1.0,
                1.0
            ],
            "pos": [
                1.2686383917683848,
                0.0,
                -2.048514217191815
            ],
            "rot": [
                0.0,
                1.0,
                0.0,
                0.0
            ],
            "category": "Dining Chair",
            "floor": [
                [
                    -1.3036,
                    -0.4308
                ],
                [
                    1.9817,
                    -0.4308
                ],
                [
                    1.9817,
                    -2.9862
                ],
                [
                    -1.3036,
                    -2.9862
                ],
                [
                    -1.3036,
                    -0.4308
                ]
            ],
            "unormalized_bbox": [
                [
                    1.0386968901509532,
                    0.0,
                    -2.4253017080365415
                ],
                [
                    1.4985798933858163,
                    0.27663999557495117,
                    -1.6717267263470885
                ]
            ],
            "new_bbox": [
                [
                    0.7129628618850494,
                    0.0,
                    0.21949530091706138
                ],
                [
                    0.8529449040835895,
                    0.11065599822998047,
                    0.5143904178026577
                ]
            ],
            "type": "chair",
            "rotation": 0.0
        },
        {
            "jid": "0d831b81-3ec1-4f8c-bb27-e9ebd83ec3b4",
            "category_id": "30c7fefc-a32e-48e1-9458-dfab61595dc7",