{
    "id": "Bedroom-126560",
    "valid_objects": [
        {
            "jid": "aef907c4-fff9-4101-a633-8f834f6f55cb",
            "category_id": "41ac92b5-5f88-46d0-a59a-e1ed31739154",
            "size": {
                "xLen": 207.91900634765625,
                "yLen": 230.21499633789062,
                "zLen": 141.97900390625
            },
            "scale": [
                1.0,
                1.0,
                1.0
            ],
            "pos": [
                1.9769611314576514,
                0.0,
                2.1237400000000006
            ],
            "rot": [
                0.0,
                0.70711,
                0.0,
                -0.70711
            ],
            "category": "King-size Bed",
            "floor": [
                [
                    -0.2256,
                    4.0085
                ],
                [
                    3.1419,
                    4.0085
                ],
                [
                    3.1419,
                    -0.9383
                ],
                [
                    -0.2256,
                    -0.9383
                ],
                [
                    -0.2256,
                    4.0085
                ]
            ],
            "unormalized_bbox": [
                [
                    0.9373660997193702,
                    0.0,
                    1.4138449804687507
                ],
                [
                    3.016556163195933,
                    1.1510749816894532,
                    2.8336350195312505
                ]
            ],
            "new_bbox": [
                [
                    0.34534999249276027,
                    0.0,
                    0.4754881904400321
                ],
                [
                    0.9627783706595198,
                    0.4604299926757813,
                    0.7625000039482597
                ]
            ],
            "type": "bed",
            "rotation": 18.0
        },
        {
            "jid": "00da6e71-e633-480c-9102-5e1f5423cf5d",
            "category_id": "e7a0801e-7abd-4634-b3bc-8777342d124e",
            "size": {
                "xLen": 26.83009910583496,
                "yLen": 26.83009910583496,
                "zLen": 159.4969940185547
            },
            "scale": [
                1.0,
                1.0,
                1.0
            ],
            "pos": [
                1.4509,
                1.0050100341796877,
                1.8855400000000002
            ],
            "rot": [
                0.0,
                1.0,
                0.0,
                0.0
            ],
            "category": "Pendant Lamp",
            "floor": [
                [
                    -0.2256,
                    4.0085
                ],
                [
                    3.1419,
                    4.0085
                ],
                [
                    3.1419,
                    -0.9383
                ],
                [
                    -0.2256,
                    -0.9383
                ],
                [
                    -0.2256,
                    4.0085
                ]
            ],
            "unormalized_bbox": [
                [
                    1.3167495044708253,
                    1.0050100341796877,
                    1.0880550299072267
                ],
                [
                    1.5850504955291749,
                    1.1391605297088625,
                    2.6830249700927737
                ]
            ],
            "new_bbox": [
                [
                    0.4580102463165034,
                    0.4020040136718751,
                    0.4096294634727959
                ],
                [
                    0.5376838887985671,
                    0.455664211883545,
                    0.7320540491009893
                ]
            ],
            "type": "lamp",
            "rotation": 0.0
        },
        {
            "jid": "12c73c31-4b45-42c9-ab98-268efb9768af",
            "category_id": "2dd2368f-a3eb-43c2-8a6b-d585cd19d9a6",
            "size": {
                "xLen": 249.78399658203125,
                "yLen": 74.77100372314453,
                "zLen": 232.72300720214844
            },
            "scale": [
                1.0,
                1.0,
                1.0
            ],
            "pos": [
                1.8810677967677722,
                0.0,
                -0.5586833126498157
            ],
            "rot": [
                0.0,
                0.0,
                0.0,
                -1.0
            ],
            "category": "Wardrobe",
            "floor": [
                [
                    -0.2256,
                    4.0085
                ],
                [
                    3.1419,
                    4.0085
                ],
                [
                    3.1419,
                    -0.9383
                ],
                [
                    -0.2256,
                    -0.9383
                ],
                [
                    -0.2256,
                    4.0085
                ]
            ],
            "unormalized_bbox": [
                [
                    0.632147813857616,
                    0.0,
                    -1.722298348660558
                ],
                [
                    3.1299877796779283,
                    0.3738550186157227,
                    0.6049317233609265
                ]
            ],
            "new_bbox": [
                [
                    0.25471353046996764,
                    0.0,
                    -0.15848596035023815
                ],
                [
                    0.9964625923319756,
                    0.14954200744628907,
                    0.311965659286999
                ]
            ],
            "type": "wardrobe",
            "rotation": 0.0
        }
    ],
    "bbox": [
        3.3675,
        2.5,
        4.9468
    ],
    "existing_objects": [
        1.0,
        0.0,
        0.0,
        0.0,
        0.0,
        0.0,
        0.0,
        0.0,
        0.0,
        0.0,
        0.0,
        0.0,
        0.0,
        1.0,
        0.0,
        0.0
    ]
}