{
    "id": "MasterBedroom-3374",
    "valid_objects": [
        {
            "jid": "3882182e-1382-4d4b-b280-ca9d76d990de",
            "category_id": "41ac92b5-5f88-46d0-a59a-e1ed31739154",
            "size": {
                "xLen": 207.74600219726562,
                "yLen": 231.1179962158203,
                "zLen": 93.7489013671875
            },
            "scale": [
                1.0,
                1.0,
                1.0
            ],
            "pos": [
                0.7986639776633551,
                0.0,
                3.254788516148259
            ],
            "rot": [
                0.0,
                -0.70711,
                0.0,
                0.70711
            ],
            "category": "King-size Bed",
            "floor": [
                [
                    -0.9344,
                    5.1184
                ],
                [
                    2.2156,
                    5.1184
                ],
                [
                    2.2156,
                    0.8085
                ],
                [
                    -0.9344,
                    0.8085
                ],
                [
                    -0.9344,
                    5.1184
                ]
            ],
            "unormalized_bbox": [
                [
                    -0.24006603332297316,
                    0.0,
                    2.786044009312321
                ],
                [
                    1.8373939886496833,
                    1.1555899810791015,
                    3.7235330229841965
                ]
            ],
            "new_bbox": [
                [
                    0.22042348148477042,
                    0.0,
                    0.45883756219687716
                ],
                [
                    0.879934599571328,
                    0.4622359924316406,
                    0.6763574614223523
                ]
            ],
            "type": "bed",
            "rotation": 18.0
        },
        {
            "jid": "e7047394-9c2f-4456-8eb6-1d5531b1910e",
            "category_id": "30c7fefc-a32e-48e1-9458-dfab61595dc7",
            "size": {
                "xLen": 47.77750015258789,
                "yLen": 59.89509963989258,
                "zLen": 73.35880279541016
            },
            "scale": [
                1.0,
                1.0,
                1.0
            ],
            "pos": [
                1.4653225161959997,
                0.0,
                1.8350141630843102
            ],
            "rot": [
                0.0,
                0.57921,
                0.0,
                0.81518
            ],
            "category": "Dining Chair",
            "floor": [
                [
                    -0.9344,
                    5.1184
                ],
                [
                    2.2156,
                    5.1184
                ],
                [
                    2.2156,
                    0.8085
                ],
                [
                    -0.9344,
                    0.8085
                ],
                [
                    -0.9344,
                    5.1184
                ]
            ],
            "unormalized_bbox": [
                [
                    1.2264350154330603,
                    0.0,
                    1.4682201491072595
                ],
                [
                    1.7042100169589391,
                    0.2994754981994629,
                    2.201808177061361
                ]
            ],
            "new_bbox": [
                [
                    0.6859793699787493,
                    0.0,
                    0.1530708715068237
                ],
                [
                    0.8376539736377584,
                    0.11979019927978515,
                    0.3232808596629529
                ]
            ],
            "type": "chair",
            "rotation": 4.0
        },
        {
            "jid": "04d7bef7-8628-48c5-a62f-3762e54f7914",
            "category_id": "e7a0801e-7abd-4634-b3bc-8777342d124e",
            "size": {
                "xLen": 65.72630310058594,
                "yLen": 61.125999450683594,
                "zLen": 85.71189880371094
            },
            "scale": [
                1.0,
                1.0,
                1.0
            ],
            "pos": [
                0.4995999999999999,
                1.9429260131835937,
                3.1657
            ],
            "rot": [
                0.0,
                0.0,
                0.0,
                1.0
            ],
            "category": "Pendant Lamp",
            "floor": [
                [
                    -0.9344,
                    5.1184
                ],
                [
                    2.2156,
                    5.1184
                ],
                [
                    2.2156,
                    0.8085
                ],
                [
                    -0.9344,
                    0.8085
                ],
                [
                    -0.9344,
                    5.1184
                ]
            ],
            "unormalized_bbox": [
                [
                    0.1709684844970702,
                    1.9429260131835937,
                    2.7371405059814453
                ],
                [
                    0.8282315155029296,
                    2.248556010437012,
                    3.594259494018555
                ]
            ],
            "new_bbox": [
                [
                    0.3509106299990699,
                    0.7771704052734375,
                    0.44749077843602986
                ],
                [
                    0.5595655604771205,
                    0.8994224041748048,
                    0.6463629072643343
                ]
            ],
            "type": "lamp",
            "rotation": 0.0
        }
    ],
    "bbox": [
        3.15,
        2.5,
        4.309900000000001
    ],
    "existing_objects": [
        0.0,
        0.0,
        0.0,
        0.0,
        0.0,
        0.0,
        0.0,
        0.0,
        1.0,
        0.0,
        0.0,
        0.0,
        0.0,
        0.0,
        0.0,
        0.0
    ]
}