{
    "id": "Bedroom-40071",
    "valid_objects": [
        {
            "jid": "eb42fd74-2ca7-44fa-bcb6-6b9982145489",
            "category_id": "2dd2368f-a3eb-43c2-8a6b-d585cd19d9a6",
            "size": {
                "xLen": 499.0,
                "yLen": 60.000099182128906,
                "zLen": 252.0
            },
            "scale": [
                1.0,
                1.0,
                1.0
            ],
            "pos": [
                -1.7954210698216448,
                0.0,
                0.2119538507100037
            ],
            "rot": [
                0.0,
                0.0,
                0.0,
                1.0
            ],
            "category": "Wardrobe",
            "floor": [
                [
                    -4.4831,
                    3.81847
                ],
                [
                    -0.614,
                    3.81847
                ],
                [
                    -0.614,
                    -0.09845
                ],
                [
                    -4.4831,
                    -0.09845
                ],
                [
                    -4.4831,
                    3.81847
                ]
            ],
            "unormalized_bbox": [
                [
                    -4.290421069821645,
                    0.0,
                    -1.0480461492899964
                ],
                [
                    0.6995789301783553,
                    0.30000049591064454,
                    1.4719538507100036
                ]
            ],
            "new_bbox": [
                [
                    0.04979941851550892,
                    0.0,
                    -0.24243439980647966
                ],
                [
                    1.3395050348087036,
                    0.12000019836425782,
                    0.4009282422694371
                ]
            ],
            "type": "wardrobe",
            "rotation": 0.0
        },
        {
            "jid": "e45091f7-8083-490d-97c7-15e20c9004bd",
            "category_id": "41ac92b5-5f88-46d0-a59a-e1ed31739154",
            "size": {
                "xLen": 201.7790069580078,
                "yLen": 211.93299865722656,
                "zLen": 81.26080322265625
            },
            "scale": [
                1.0,
                1.0,
                1.0
            ],
            "pos": [
                -3.35497,
                0.0,
                2.2345999999999995
            ],
            "rot": [
                0.0,
                0.70711,
                0.0,
                0.70711
            ],
            "category": "King-size Bed",
            "floor": [
                [
                    -4.4831,
                    3.81847
                ],
                [
                    -0.614,
                    3.81847
                ],
                [
                    -0.614,
                    -0.09845
                ],
                [
                    -4.4831,
                    -0.09845
                ],
                [
                    -4.4831,
                    3.81847
                ]
            ],
            "unormalized_bbox": [
                [
                    -4.363865034790039,
                    0.0,
                    1.828295983886718
                ],
                [
                    -2.3460749652099606,
                    1.0596649932861328,
                    2.640904016113281
                ]
            ],
            "new_bbox": [
                [
                    0.030817235328619404,
                    0.0,
                    0.4919033280962384
                ],
                [
                    0.552331300506588,
                    0.4238659973144531,
                    0.6993643005507595
                ]
            ],
            "type": "bed",
            "rotation": 6.0
        },
        {
            "jid": "7be78e99-5ace-466f-84bf-e4509dabebb3",
            "category_id": "e7a0801e-7abd-4634-b3bc-8777342d124e",
            "size": {
                "xLen": 82.36859893798828,
                "yLen": 82.36869812011719,
                "zLen": 82.26170349121094
            },
            "scale": [
                1.0,
                1.0,
                1.0
            ],
            "pos": [
                -2.54855,
                2.0773839770507814,
                1.9745100000000002
            ],
            "rot": [
                0.0,
                0.0,
                0.0,
                1.0
            ],
            "category": "Pendant Lamp",
            "floor": [
                [
                    -4.4831,
                    3.81847
                ],
                [
                    -0.614,
                    3.81847
                ],
                [
                    -0.614,
                    -0.09845
                ],
                [
                    -4.4831,
                    -0.09845
                ],
                [
                    -4.4831,
                    3.81847
                ]
            ],
            "unormalized_bbox": [
                [
                    -2.9603929946899417,
                    2.0773839770507814,
                    1.5632014825439455
                ],
                [
                    -2.1367070053100585,
                    2.4892274676513675,
                    2.385818517456055
                ]
            ],
            "new_bbox": [
                [
                    0.3935558670776301,
                    0.8309535908203125,
                    0.4242240031820781
                ],
                [
                    0.60644413292237,
                    0.995690987060547,
                    0.6342403004033922
                ]
            ],
            "type": "lamp",
            "rotation": 0.0
        },
        {
            "jid": "29b11ecf-e069-4f82-a09e-ffca1c9137b1",
            "category_id": "469c4481-d969-416f-8796-988cc28ca9c3",
            "size": {
                "xLen": 115.01799774169922,
                "yLen": 34.505401611328125,
                "zLen": 130.41700744628906
            },
            "scale": [
                1.0,
                1.0,
                1.0
            ],
            "pos": [
                -2.4351550303308835,
                0.0,
                0.15051268448382019
            ],
            "rot": [
                0.0,
                0.0,
                0.0,
                1.0
            ],
            "category": "Dressing Table",
            "floor": [
                [
                    -4.4831,
                    3.81847
                ],
                [
                    -0.614,
                    3.81847
                ],
                [
                    -0.614,
                    -0.09845
                ],
                [
                    -4.4831,
                    -0.09845
                ],
                [
                    -4.4831,
                    3.81847
                ]
            ],
            "unormalized_bbox": [
                [
                    -3.0102450190393797,
                    0.0,
                    -0.5015723527476251
                ],
                [
                    -1.8600650416223874,
                    0.17252700805664062,
                    0.8025977217152654
                ]
            ],
            "new_bbox": [
                [
                    0.3806712106072783,
                    0.0,
                    -0.10291819918395707
                ],
                [
                    0.6779444724555097,
                    0.06901080322265625,
                    0.23003985828540421
                ]
            ],
            "type": "table",
            "rotation": 0.0
        },
        {
            "jid": "b74eca44-dbd8-4f28-a11a-ff514f86996c",
            "category_id": "5f38bce6-8bd2-4d41-bdbc-e76cbc87d309",