{
    "id": "Bedroom-1971",
    "valid_objects": [
        {
            "jid": "4d24044b-8ed0-4623-8bf2-fce87aaa3766",
            "category_id": "2dd2368f-a3eb-43c2-8a6b-d585cd19d9a6",
            "size": {
                "xLen": 140.0,
                "yLen": 61.77149963378906,
                "zLen": 264.0
            },
            "scale": [
                1.0,
                1.0,
                1.0
            ],
            "pos": [
                1.6848829845822284,
                0.0,
                0.8970040387423355
            ],
            "rot": [
                0.0,
                0.0,
                0.0,
                1.0
            ],
            "category": "Wardrobe",
            "floor": [
                [
                    -0.3979,
                    3.4318
                ],
                [
                    2.5674,
                    3.4318
                ],
                [
                    2.5674,
                    0.2838
                ],
                [
                    -0.3979,
                    0.2838
                ],
                [
                    -0.3979,
                    3.4318
                ]
            ],
            "unormalized_bbox": [
                [
                    0.9848829845822284,
                    0.0,
                    -0.4229959612576646
                ],
                [
                    2.3848829845822284,
                    0.3088574981689453,
                    2.2170040387423358
                ]
            ],
            "new_bbox": [
                [
                    0.4663214462557678,
                    0.0,
                    -0.22452222403356564
                ],
                [
                    0.9384490556038945,
                    0.12354299926757813,
                    0.6141054760934992
                ]
            ],
            "type": "wardrobe",
            "rotation": 0.0
        },
        {
            "jid": "61de8e4b-63c7-4854-805c-c8c652b248ca",
            "category_id": "41ac92b5-5f88-46d0-a59a-e1ed31739154",
            "size": {
                "xLen": 217.80099487304688,
                "yLen": 221.52200317382812,
                "zLen": 93.41329956054688
            },
            "scale": [
                1.0,
                1.0,
                1.0
            ],
            "pos": [
                1.4512111906105174,
                0.0,
                2.3355008944773874
            ],
            "rot": [
                0.0,
                0.70711,
                0.0,
                -0.70711
            ],
            "category": "King-size Bed",
            "floor": [
                [
                    -0.3979,
                    3.4318
                ],
                [
                    2.5674,
                    3.4318
                ],
                [
                    2.5674,
                    0.2838
                ],
                [
                    -0.3979,
                    0.2838
                ],
                [
                    -0.3979,
                    3.4318
                ]
            ],
            "unormalized_bbox": [
                [
                    0.36220621624528304,
                    0.0,
                    1.868434396674653
                ],
                [
                    2.5402161649757518,
                    1.1076100158691407,
                    2.802567392280122
                ]
            ],
            "new_bbox": [
                [
                    0.2563336648046683,
                    0.0,
                    0.5033781437975391
                ],
                [
                    0.9908326863979198,
                    0.4430440063476563,
                    0.8001167065692891
                ]
            ],
            "type": "bed",
            "rotation": 18.0
        },
        {
            "jid": "4d4ed837-e00d-4e35-8ef2-b397bb4aa42d",
            "category_id": "f2c08afc-68c8-42a7-b62c-1b648f87edba",
            "size": {
                "xLen": 75.76529693603516,
                "yLen": 77.22940063476562,
                "zLen": 86.9926986694336
            },
            "scale": [
                1.0,
                1.0,
                1.0
            ],
            "pos": [
                1.622123552347299,
                0.0,
                1.2274894548056938
            ],
            "rot": [
                0.0,
                1.0,
                0.0,
                0.0
            ],
            "category": "Lounge Chair / Cafe Chair / Office Chair",
            "floor": [
                [
                    -0.3979,
                    3.4318
                ],
                [
                    2.5674,
                    3.4318
                ],
                [
                    2.5674,
                    0.2838
                ],
                [
                    -0.3979,
                    0.2838
                ],
                [
                    -0.3979,
                    3.4318
                ]
            ],
            "unormalized_bbox": [
                [
                    1.2432970676671231,
                    0.0,
                    0.7925259614585258
                ],
                [
                    2.000950037027475,
                    0.3861470031738281,
                    1.6624529481528618
                ]
            ],
            "new_bbox": [
                [
                    0.5534674628763103,
                    0.0,
                    0.16160291024730805
                ],
                [
                    0.8089738094046048,
                    0.15445880126953124,
                    0.43794566332683027
                ]
            ],
            "type": "chair",
            "rotation": 0.0
        },
        {
            "jid": "0f0f8391-056f-439a-8c68-d1c132cd672b",
            "category_id": "e7a0801e-7abd-4634-b3bc-8777342d124e",
            "size": {
                "xLen": 40.6859016418457,
                "yLen": 40.6859016418457,
                "zLen": 121.77100372314453
            },
            "scale": [
                1.0,
                1.0,
                1.0
            ],
            "pos": [
                1.0591882972747777,
                1.3822399993896486,
                1.8619413484319893
            ],
            "rot": [
                0.0,
                0.0,
                0.0,
                1.0
            ],
            "category": "Pendant Lamp",
            "floor": [
                [
                    -0.3979,
                    3.4318
                ],
                [
                    2.5674,
                    3.4318
                ],
                [
                    2.5674,
                    0.2838
                ],
                [
                    -0.3979,
                    0.2838
                ],
                [
                    -0.3979,
                    3.4318
                ]
            ],
            "unormalized_bbox": [
                [
                    0.8557587890655491,
                    1.3822399993896486,
                    1.2530863298162667
                ],
                [
                    1.2626178054840063,
                    1.5856695075988771,
                    2.470796367047712
                ]
            ],
            "new_bbox": [
                [
                    0.4227763764427036,
                    0.5528959997558595,
                    0.30790544149182547
                ],
                [
                    0.5599830727022582,
                    0.6342678030395509,
                    0.6947256566225262
                ]
            ],
            "type": "lamp",
            "rotation": 0.0
        }
    ],
    "bbox": [
        2.9653,
        2.5,
        3.148
    ],