{
    "id": "MasterBedroom-5522",
    "valid_objects": [
        {
            "jid": "113b1fbf-cc94-48a2-b387-9d82c30442c6",
            "category_id": "41ac92b5-5f88-46d0-a59a-e1ed31739154",
            "size": {
                "xLen": 206.0749969482422,
                "yLen": 234.48699951171875,
                "zLen": 106.26300048828125
            },
            "scale": [
                1.0,
                1.0,
                1.0
            ],
            "pos": [
                2.6440136484569354,
                0.0,
                3.032788481541405
            ],
            "rot": [
                0.0,
                -0.70711,
                0.0,
                0.70711
            ],
            "category": "King-size Bed",
            "floor": [
                [
                    0.5802,
                    4.9513
                ],
                [
                    3.8485,
                    4.9513
                ],
                [
                    3.8485,
                    0.6517
                ],
                [
                    2.97266,
                    0.6517
                ],
                [
                    0.5802,
                    0.65427
                ],
                [
                    0.5802,
                    4.9513
                ]
            ],
            "unormalized_bbox": [
                [
                    1.6136386637157245,
                    0.0,
                    2.5014734790999986
                ],
                [
                    3.6743886331981463,
                    1.1724349975585937,
                    3.5641034839828114
                ]
            ],
            "new_bbox": [
                [
                    0.3162006742697196,
                    0.0,
                    0.4302198993162152
                ],
                [
                    0.9467272383802424,
                    0.4689739990234375,
                    0.6773661466142924
                ]
            ],
            "type": "bed",
            "rotation": 18.0
        },
        {
            "jid": "7445b1b0-ce5d-4dac-9665-6e1211d7d454",
            "category_id": "2dd2368f-a3eb-43c2-8a6b-d585cd19d9a6",
            "size": {
                "xLen": 234.218994140625,
                "yLen": 64.2708969116211,
                "zLen": 232.718994140625
            },
            "scale": [
                1.0,
                1.0,
                1.0
            ],
            "pos": [
                2.585538588605958,
                0.0,
                1.0175574440875483
            ],
            "rot": [
                0.0,
                0.0,
                0.0,
                1.0
            ],
            "category": "Wardrobe",
            "floor": [
                [
                    0.5802,
                    4.9513
                ],
                [
                    3.8485,
                    4.9513
                ],
                [
                    3.8485,
                    0.6517
                ],
                [
                    2.97266,
                    0.6517
                ],
                [
                    0.5802,
                    0.65427
                ],
                [
                    0.5802,
                    4.9513
                ]
            ],
            "unormalized_bbox": [
                [
                    1.4144436179028328,
                    0.0,
                    -0.14603752661557667
                ],
                [
                    3.756633559309083,
                    0.32135448455810545,
                    2.1811524147906733
                ]
            ],
            "new_bbox": [
                [
                    0.2552530728215992,
                    0.0,
                    -0.18553761433984015
                ],
                [
                    0.9718916743594783,
                    0.12854179382324218,
                    0.3557196982953469
                ]
            ],
            "type": "wardrobe",
            "rotation": 0.0
        },
        {
            "jid": "64c7b51f-5d88-4771-b8cd-5533c64dcbb1",
            "category_id": "89404b8a-5bb6-42cf-95fa-73c9bfba4c97",
            "size": {
                "xLen": 37.50740051269531,
                "yLen": 37.50740051269531,
                "zLen": 52.97629928588867
            },
            "scale": [
                1.0,
                1.0,
                1.0
            ],
            "pos": [
                3.5250002982637163,
                0.0,
                4.296435637327444
            ],
            "rot": [
                0.0,
                -0.70711,
                0.0,
                0.70711
            ],
            "category": "Nightstand",
            "floor": [
                [
                    0.5802,
                    4.9513
                ],
                [
                    3.8485,
                    4.9513
                ],
                [
                    3.8485,
                    0.6517
                ],
                [
                    2.97266,
                    0.6517
                ],
                [
                    0.5802,
                    0.65427
                ],
                [
                    0.5802,
                    4.9513
                ]
            ],
            "unormalized_bbox": [
                [
                    3.33746329570024,
                    0.0,
                    4.031554140898001
                ],
                [
                    3.7125373008271927,
                    0.18753700256347655,
                    4.561317133756887
                ]
            ],
            "new_bbox": [
                [
                    0.8436383733746107,
                    0.0,
                    0.7860857151590848
                ],
                [
                    0.9583995657764565,
                    0.07501480102539063,
                    0.909297872768836
                ]
            ],
            "type": "nightstand",
            "rotation": 18.0
        },
        {
            "jid": "9b69e3d4-bfcc-4e59-bf6b-7e7cc052eac0",
            "category_id": "e7a0801e-7abd-4634-b3bc-8777342d124e",
            "size": {
                "xLen": 96.30500030517578,
                "yLen": 30.080400466918945,
                "zLen": 77.39240264892578
            },
            "scale": [
                1.0,
                1.0,
                1.0
            ],
            "pos": [
                2.2101757882229918,
                1.8398250030517573,
                2.9403535922507786
            ],
            "rot": [
                0.0,
                0.0,
                0.0,
                1.0
            ],
            "category": "Pendant Lamp",
            "floor": [
                [
                    0.5802,
                    4.9513
                ],
                [
                    3.8485,
                    4.9513
                ],
                [
                    3.8485,
                    0.6517
                ],
                [
                    2.97266,
                    0.6517
                ],
                [
                    0.5802,
                    0.65427
                ],
                [
                    0.5802,
                    4.9513
                ]
            ],
            "unormalized_bbox": [
                [
                    1.7286507866971128,
                    1.8398250030517573,
                    2.5533915790061497
                ],
                [
                    2.6917007897488707,
                    1.990227005386352,
                    3.3273156054954076
                ]
            ],