{
    "id": "SecondBedroom-1995",
    "valid_objects": [
        {
            "jid": "f615b69a-6791-408c-85e3-8ac19e33dda0",
            "category_id": "5c76d84c-aa8c-4bb8-88fc-cbf8da81be71",
            "size": {
                "xLen": 198.7010040283203,
                "yLen": 80.05110168457031,
                "zLen": 72.49240112304688
            },
            "scale": [
                1.0,
                1.0,
                1.0
            ],
            "pos": [
                3.858445729348597,
                0.0,
                -3.1824951656312646
            ],
            "rot": [
                0.0,
                -0.70711,
                0.0,
                0.70711
            ],
            "category": "Desk",
            "floor": [
                [
                    1.58,
                    -2.145
                ],
                [
                    4.27,
                    -2.145
                ],
                [
                    4.27,
                    -4.945
                ],
                [
                    1.58,
                    -4.945
                ],
                [
                    1.58,
                    -2.145
                ]
            ],
            "unormalized_bbox": [
                [
                    2.8649407092069956,
                    0.0,
                    -3.544957171246499
                ],
                [
                    4.851950749490198,
                    0.40025550842285157,
                    -2.82003316001603
                ]
            ],
            "new_bbox": [
                [
                    0.47767312609925494,
                    0.0,
                    0.5000152959833933
                ],
                [
                    1.2163385685837171,
                    0.16010220336914063,
                    0.7589167285657035
                ]
            ],
            "type": "desk",
            "rotation": 18.0
        },
        {
            "jid": "510d41a1-4327-4f49-ac6b-2c738b4a026e",
            "category_id": "2374eec6-a564-4f13-ba49-df54fe5b01f5",
            "size": {
                "xLen": 48.83060073852539,
                "yLen": 50.60499954223633,
                "zLen": 9.600000381469727
            },
            "scale": [
                1.0,
                1.0,
                1.0
            ],
            "pos": [
                3.0547,
                2.5040115001678465,
                -3.5928
            ],
            "rot": [
                0.0,
                0.0,
                0.0,
                1.0
            ],
            "category": "Ceiling Lamp",
            "floor": [
                [
                    1.58,
                    -2.145
                ],
                [
                    4.27,
                    -2.145
                ],
                [
                    4.27,
                    -4.945
                ],
                [
                    1.58,
                    -4.945
                ],
                [
                    1.58,
                    -2.145
                ]
            ],
            "unormalized_bbox": [
                [
                    2.810546996307373,
                    2.5040115001678465,
                    -3.6408000019073485
                ],
                [
                    3.298853003692627,
                    2.757036497879028,
                    -3.5447999980926514
                ]
            ],
            "new_bbox": [
                [
                    0.4574524149841536,
                    1.0016046000671386,
                    0.4657857136045184
                ],
                [
                    0.6389788117816457,
                    1.1028145991516112,
                    0.5000714292526245
                ]
            ],
            "type": "lamp",
            "rotation": 0.0
        },
        {
            "jid": "7599c6c3-3472-4237-8ee5-7b77f3934fa4",
            "category_id": "30c7fefc-a32e-48e1-9458-dfab61595dc7",
            "size": {
                "xLen": 44.55149841308594,
                "yLen": 51.3218994140625,
                "zLen": 78.73770141601562
            },
            "scale": [
                1.0,
                1.0,
                1.0
            ],
            "pos": [
                3.367938954077232,
                0.0,
                -2.792756548343246
            ],
            "rot": [
                0.0,
                0.70711,
                0.0,
                0.70711
            ],
            "category": "Dining Chair",
            "floor": [
                [
                    1.58,
                    -2.145
                ],
                [
                    4.27,
                    -2.145
                ],
                [
                    4.27,
                    -4.945
                ],
                [
                    1.58,
                    -4.945
                ],
                [
                    1.58,
                    -2.145
                ]
            ],
            "unormalized_bbox": [
                [
                    3.145181462011802,
                    0.0,
                    -3.186445055423324
                ],
                [
                    3.590696446142662,
                    0.2566094970703125,
                    -2.399068041263168
                ]
            ],
            "new_bbox": [
                [
                    0.5818518446140529,
                    0.0,
                    0.6280553373488128
                ],
                [
                    0.747470797822551,
                    0.102643798828125,
                    0.9092614138345828
                ]
            ],
            "type": "chair",
            "rotation": 6.0
        }
    ],
    "bbox": [
        2.6899999999999995,
        2.5,
        2.8000000000000003
    ],
    "existing_objects": [
        0.0,
        1.0,
        0.0,
        0.0,
        0.0,
        0.0,
        1.0,
        0.0,
        1.0,
        0.0,
        0.0,
        0.0,
        0.0,
        0.0,
        0.0,
        0.0
    ]
}