{
    "id": "Bedroom-3535",
    "valid_objects": [
        {
            "jid": "f17561cd-0ed6-4bda-85ed-b2360990e04f",
            "category_id": "2dd2368f-a3eb-43c2-8a6b-d585cd19d9a6",
            "size": {
                "xLen": 140.0,
                "yLen": 61.77149963378906,
                "zLen": 264.0
            },
            "scale": [
                1.0,
                1.0,
                1.0
            ],
            "pos": [
                -0.5369316646334825,
                0.0,
                0.71028
            ],
            "rot": [
                0.0,
                -0.70711,
                0.0,
                0.70711
            ],
            "category": "Wardrobe",
            "floor": [
                [
                    -3.42709,
                    1.86272
                ],
                [
                    -0.22709,
                    1.86272
                ],
                [
                    -0.22709,
                    -1.63728
                ],
                [
                    -3.42709,
                    -1.63728
                ],
                [
                    -3.42709,
                    1.86272
                ]
            ],
            "unormalized_bbox": [
                [
                    -1.2369316646334825,
                    0.0,
                    -0.60972
                ],
                [
                    0.16306833536651744,
                    0.3088574981689453,
                    2.0302800000000003
                ]
            ],
            "new_bbox": [
                [
                    0.6844244798020368,
                    0.0,
                    0.2935885714285714
                ],
                [
                    1.1219244798020367,
                    0.12354299926757813,
                    1.0478742857142858
                ]
            ],
            "type": "wardrobe",
            "rotation": 18.0
        },
        {
            "jid": "58961b54-d044-474a-9498-80a6f31cf10b",
            "category_id": "e7a0801e-7abd-4634-b3bc-8777342d124e",
            "size": {
                "xLen": 101.9469985961914,
                "yLen": 67.73320007324219,
                "zLen": 60.617698669433594
            },
            "scale": [
                1.0,
                1.0,
                1.0
            ],
            "pos": [
                -2.06162,
                2.193823027954102,
                -0.02818999999999993
            ],
            "rot": [
                0.0,
                0.0,
                0.0,
                1.0
            ],
            "category": "Pendant Lamp",
            "floor": [
                [
                    -3.42709,
                    1.86272
                ],
                [
                    -0.22709,
                    1.86272
                ],
                [
                    -0.22709,
                    -1.63728
                ],
                [
                    -3.42709,
                    -1.63728
                ],
                [
                    -3.42709,
                    1.86272
                ]
            ],
            "unormalized_bbox": [
                [
                    -2.571354992980957,
                    2.193823027954102,
                    -0.3312784933471679
                ],
                [
                    -1.551885007019043,
                    2.5324890283203128,
                    0.27489849334716804
                ]
            ],
            "new_bbox": [
                [
                    0.267417189693451,
                    0.8775292111816407,
                    0.3731432876150949
                ],
                [
                    0.586001560306549,
                    1.012995611328125,
                    0.5463367123849052
                ]
            ],
            "type": "lamp",
            "rotation": 0.0
        },
        {
            "jid": "7bf721bf-8839-4343-95c5-b6e852805ad1",
            "category_id": "41ac92b5-5f88-46d0-a59a-e1ed31739154",
            "size": {
                "xLen": 213.427001953125,
                "yLen": 235.4429931640625,
                "zLen": 102.11799621582031
            },
            "scale": [
                1.0,
                1.0,
                1.0
            ],
            "pos": [
                -2.2332300379689705,
                0.0,
                0.013040000000000267
            ],
            "rot": [
                0.0,
                0.70711,
                0.0,
                0.70711
            ],
            "category": "King-size Bed",
            "floor": [
                [
                    -3.42709,
                    1.86272
                ],
                [
                    -0.22709,
                    1.86272
                ],
                [
                    -0.22709,
                    -1.63728
                ],
                [
                    -3.42709,
                    -1.63728
                ],
                [
                    -3.42709,
                    1.86272
                ]
            ],
            "unormalized_bbox": [
                [
                    -3.300365047734595,
                    0.0,
                    -0.4975499810791013
                ],
                [
                    -1.1660950282033455,
                    1.1772149658203126,
                    0.5236299810791019
                ]
            ],
            "new_bbox": [
                [
                    0.03960154758293907,
                    0.0,
                    0.3256371482631139
                ],
                [
                    0.7065609286864546,
                    0.47088598632812506,
                    0.6174028517368862
                ]
            ],
            "type": "bed",
            "rotation": 6.0
        }
    ],
    "bbox": [
        3.2,
        2.5,
        3.5
    ],
    "existing_objects": [
        1.0,
        0.0,
        0.0,
        0.0,
        0.0,
        0.0,
        0.0,
        0.0,
        1.0,
        0.0,
        0.0,
        0.0,
        0.0,
        1.0,
        0.0,
        0.0
    ]
}