{
    "id": "MasterBedroom-37666",
    "valid_objects": [
        {
            "jid": "fb2c12f1-6169-41d3-b739-e5a48aea86c9",
            "category_id": "2dd2368f-a3eb-43c2-8a6b-d585cd19d9a6",
            "size": {
                "xLen": 169.4080047607422,
                "yLen": 62.4015007019043,
                "zLen": 240.0
            },
            "scale": [
                1.0,
                1.0,
                1.0
            ],
            "pos": [
                -0.38373810811350484,
                0.0,
                -2.279296386829893
            ],
            "rot": [
                0.0,
                -1.0,
                0.0,
                0.0
            ],
            "category": "Wardrobe",
            "floor": [
                [
                    -1.4815,
                    -1.9755
                ],
                [
                    2.057,
                    -1.9755
                ],
                [
                    2.057,
                    -5.8431
                ],
                [
                    -1.4815,
                    -5.8431
                ],
                [
                    -1.4815,
                    -1.9755
                ]
            ],
            "unormalized_bbox": [
                [
                    -1.2307781319172157,
                    0.0,
                    -3.479296386829893
                ],
                [
                    0.46330191569020607,
                    0.3120075035095215,
                    -1.079296386829893
                ]
            ],
            "new_bbox": [
                [
                    0.0708554099428527,
                    0.0,
                    0.6111809942005655
                ],
                [
                    0.5496119586520294,
                    0.1248030014038086,
                    1.231720863887193
                ]
            ],
            "type": "wardrobe",
            "rotation": 0.0
        },
        {
            "jid": "56b1b9fd-78a1-40d7-b20b-97b5c70f289e",
            "category_id": "41ac92b5-5f88-46d0-a59a-e1ed31739154",
            "size": {
                "xLen": 195.25599670410156,
                "yLen": 239.26499938964844,
                "zLen": 104.81900024414062
            },
            "scale": [
                1.0,
                1.0,
                1.0
            ],
            "pos": [
                -0.27701128696892835,
                0.0,
                -4.210767978303395
            ],
            "rot": [
                0.0,
                0.70711,
                0.0,
                0.70711
            ],
            "category": "Single bed",
            "floor": [
                [
                    -1.4815,
                    -1.9755
                ],
                [
                    2.057,
                    -1.9755
                ],
                [
                    2.057,
                    -5.8431
                ],
                [
                    -1.4815,
                    -5.8431
                ],
                [
                    -1.4815,
                    -1.9755
                ]
            ],
            "unormalized_bbox": [
                [
                    -1.2532912704894361,
                    0.0,
                    -4.734862979524099
                ],
                [
                    0.6992686965515795,
                    1.1963249969482421,
                    -3.6866729770826923
                ]
            ],
            "new_bbox": [
                [
                    0.06449307037178577,
                    0.0,
                    0.28654385677833827
                ],
                [
                    0.6162974979656859,
                    0.47852999877929686,
                    0.5575620599124284
                ]
            ],
            "type": "bed",
            "rotation": 6.0
        },
        {
            "jid": "05101287-941c-4442-af2e-0eef69f136b6",
            "category_id": "89404b8a-5bb6-42cf-95fa-73c9bfba4c97",
            "size": {
                "xLen": 120.06400299072266,
                "yLen": 42.178001403808594,
                "zLen": 76.27210235595703
            },
            "scale": [
                1.0,
                1.0,
                1.0
            ],
            "pos": [
                -1.2843445597467227,
                0.0,
                -2.906114276835721
            ],
            "rot": [
                0.0,
                0.70711,
                0.0,
                0.70711
            ],
            "category": "Nightstand",
            "floor": [
                [
                    -1.4815,
                    -1.9755
                ],
                [
                    2.057,
                    -1.9755
                ],
                [
                    2.057,
                    -5.8431
                ],
                [
                    -1.4815,
                    -5.8431
                ],
                [
                    -1.4815,
                    -1.9755
                ]
            ],
            "unormalized_bbox": [
                [
                    -1.884664574700336,
                    0.0,
                    -3.2874747886155062
                ],
                [
                    -0.6840245447931094,
                    0.21089000701904298,
                    -2.524753765055936
                ]
            ],
            "new_bbox": [
                [
                    -0.11393657614818033,
                    0.0,
                    0.6607780565168305
                ],
                [
                    0.22537104852533296,
                    0.0843560028076172,
                    0.8579858917530417
                ]
            ],
            "type": "nightstand",
            "rotation": 6.0
        },
        {
            "jid": "05101287-941c-4442-af2e-0eef69f136b6",
            "category_id": "89404b8a-5bb6-42cf-95fa-73c9bfba4c97",
            "size": {
                "xLen": 120.06400299072266,
                "yLen": 42.178001403808594,
                "zLen": 76.27210235595703
            },
            "scale": [
                1.0,
                1.0,
                1.0
            ],
            "pos": [
                -1.2361090165863338,
                0.0,
                -5.288373638227888
            ],
            "rot": [
                0.0,
                0.70711,
                0.0,
                0.70711
            ],
            "category": "Nightstand",
            "floor": [
                [
                    -1.4815,
                    -1.9755
                ],
                [
                    2.057,
                    -1.9755
                ],
                [
                    2.057,
                    -5.8431
                ],
                [
                    -1.4815,
                    -5.8431
                ],
                [
                    -1.4815,
                    -1.9755
                ]
            ],
            "unormalized_bbox": [
                [
                    -1.836429031539947,
                    0.0,
                    -5.669734150007674
                ],
                [
                    -0.6357890016327205,
                    0.21089000701904298,
                    -4.907013126448103
                ]
            ],
            "new_bbox": [
                [
                    -0.10030494038150259,
                    0.0,
                    0.044825175817645536
                ],
                [
                    0.23900268429201063,
                    0.0843560028076172,
                    0.24203301105385694
                ]
            ],
            "type": "nightstand",
            "rotation": 6.0
        },
        {
            "jid": "3d135fd7-0f66-4d70-ba63-abaa83c76bfb",