{
    "id": "Bedroom-11819",
    "valid_objects": [
        {
            "jid": "663606ea-7234-49aa-a361-a0e2d5555675",
            "category_id": "e7a0801e-7abd-4634-b3bc-8777342d124e",
            "size": {
                "xLen": 89.14459991455078,
                "yLen": 89.14510345458984,
                "zLen": 81.22589874267578
            },
            "scale": [
                0.919309736522177,
                1.0,
                0.8488499976010804
            ],
            "pos": [
                -4.3609,
                1.82003,
                -0.35974
            ],
            "rot": [
                0.0,
                0.70711,
                0.0,
                0.70711
            ],
            "category": "Pendant Lamp",
            "floor": [
                [
                    -5.9406,
                    0.9332
                ],
                [
                    -3.1308,
                    0.9332
                ],
                [
                    -3.1308,
                    -2.1511
                ],
                [
                    -5.9406,
                    -2.1511
                ],
                [
                    -5.9406,
                    0.9332
                ]
            ],
            "unormalized_bbox": [
                [
                    -4.806622999572754,
                    1.82003,
                    -0.765869493713379
                ],
                [
                    -3.915177000427246,
                    2.2657555172729493,
                    0.046389493713378915
                ]
            ],
            "new_bbox": [
                [
                    0.4035792584622555,
                    0.728012,
                    0.4491231418106608
                ],
                [
                    0.7208424085603081,
                    0.9063022069091797,
                    0.7124759244280321
                ]
            ],
            "type": "lamp",
            "rotation": 6.0
        },
        {
            "jid": "7bf721bf-8839-4343-95c5-b6e852805ad1",
            "category_id": "41ac92b5-5f88-46d0-a59a-e1ed31739154",
            "size": {
                "xLen": 213.427001953125,
                "yLen": 235.4429931640625,
                "zLen": 102.11799621582031
            },
            "scale": [
                0.8272284284727871,
                1.0,
                0.8630981351059677
            ],
            "pos": [
                -4.141720000000001,
                0.0,
                -0.08714
            ],
            "rot": [
                0.0,
                -0.70199,
                0.0,
                0.71218
            ],
            "category": "King-size Bed",
            "floor": [
                [
                    -5.9406,
                    0.9332
                ],
                [
                    -3.1308,
                    0.9332
                ],
                [
                    -3.1308,
                    -2.1511
                ],
                [
                    -5.9406,
                    -2.1511
                ],
                [
                    -5.9406,
                    0.9332
                ]
            ],
            "unormalized_bbox": [
                [
                    -5.208855009765626,
                    0.0,
                    -0.5977299810791016
                ],
                [
                    -3.074584990234376,
                    1.1772149658203126,
                    0.4234499810791016
                ]
            ],
            "new_bbox": [
                [
                    0.26042600549305056,
                    0.0,
                    0.5036377845608074
                ],
                [
                    1.0200067655226792,
                    0.47088598632812506,
                    0.8347274847061251
                ]
            ],
            "type": "bed",
            "rotation": 18.0
        },
        {
            "jid": "4d24044b-8ed0-4623-8bf2-fce87aaa3766",
            "category_id": "2dd2368f-a3eb-43c2-8a6b-d585cd19d9a6",
            "size": {
                "xLen": 140.0,
                "yLen": 61.77149963378906,
                "zLen": 264.0
            },
            "scale": [
                1.3195175,
                1.0,
                1.0088179925335767
            ],
            "pos": [
                -4.05447,
                0.0,
                -1.83952
            ],
            "rot": [
                0.0,
                0.0,
                0.0,
                1.0
            ],
            "category": "Wardrobe",
            "floor": [
                [
                    -5.9406,
                    0.9332
                ],
                [
                    -3.1308,
                    0.9332
                ],
                [
                    -3.1308,
                    -2.1511
                ],
                [
                    -5.9406,
                    -2.1511
                ],
                [
                    -5.9406,
                    0.9332
                ]
            ],
            "unormalized_bbox": [
                [
                    -4.75447,
                    0.0,
                    -3.15952
                ],
                [
                    -3.35447,
                    0.3088574981689453,
                    -0.51952
                ]
            ],
            "new_bbox": [
                [
                    0.4221403658623388,
                    0.0,
                    -0.3269526310670169
                ],
                [
                    0.9203964694996084,
                    0.12354299926757813,
                    0.5289952339266609
                ]
            ],
            "type": "wardrobe",
            "rotation": 0.0
        },
        {
            "jid": "8e58fb02-90a0-42af-8f99-2ec9556061e4",
            "category_id": "89404b8a-5bb6-42cf-95fa-73c9bfba4c97",
            "size": {
                "xLen": 50.676300048828125,
                "yLen": 52.390499114990234,
                "zLen": 62.672401428222656
            },
            "scale": [
                1.0734268418925894,
                1.0,
                0.8011872849975481
            ],
            "pos": [
                -3.34946,
                0.0,
                -1.21143
            ],
            "rot": [
                0.0,
                -0.70637,
                0.0,
                0.70784
            ],
            "category": "Nightstand",
            "floor": [
                [
                    -5.9406,
                    0.9332
                ],
                [
                    -3.1308,
                    0.9332
                ],
                [
                    -3.1308,
                    -2.1511
                ],
                [
                    -5.9406,
                    -2.1511
                ],
                [
                    -5.9406,
                    0.9332
                ]
            ],
            "unormalized_bbox": [
                [
                    -3.602841500244141,
                    0.0,
                    -1.5247920071411132
                ],
                [
                    -3.0960784997558592,
                    0.26195249557495115,
                    -0.8980679928588867
                ]
            ],
            "new_bbox": [
                [
                    0.8320017438094736,
                    0.0,
                    0.20306325352880292
                ],
                [
                    1.0123572853029186,
                    0.10478099822998047,
                    0.40626139063681005
                ]
            ],
            "type": "nightstand",
            "rotation": 18.0
        }
    ],
    "bbox": [
        2.8098,
        2.5,
        3.0843
    ],