{
    "id": "MasterBedroom-836",
    "valid_objects": [
        {
            "jid": "7bf721bf-8839-4343-95c5-b6e852805ad1",
            "category_id": "41ac92b5-5f88-46d0-a59a-e1ed31739154",
            "size": {
                "xLen": 213.427001953125,
                "yLen": 235.4429931640625,
                "zLen": 102.11799621582031
            },
            "scale": [
                1.0,
                1.0,
                1.0
            ],
            "pos": [
                2.974214040332518,
                0.0,
                -1.8723950257479378
            ],
            "rot": [
                0.0,
                0.0,
                0.0,
                1.0
            ],
            "category": "King-size Bed",
            "floor": [
                [
                    0.4934,
                    -0.0681
                ],
                [
                    4.2351,
                    -0.0681
                ],
                [
                    4.2351,
                    -3.0504
                ],
                [
                    0.4934,
                    -3.0504
                ],
                [
                    0.4934,
                    -0.0681
                ]
            ],
            "unormalized_bbox": [
                [
                    1.9070790305668932,
                    0.0,
                    -2.3829850068270395
                ],
                [
                    4.041349050098143,
                    1.1772149658203126,
                    -1.3618050446688361
                ]
            ],
            "new_bbox": [
                [
                    0.37781731046500067,
                    0.0,
                    0.22379203741171588
                ],
                [
                    0.9482184702403033,
                    0.47088598632812506,
                    0.5662055981394104
                ]
            ],
            "type": "bed",
            "rotation": 0.0
        },
        {
            "jid": "8e58fb02-90a0-42af-8f99-2ec9556061e4",
            "category_id": "89404b8a-5bb6-42cf-95fa-73c9bfba4c97",
            "size": {
                "xLen": 50.676300048828125,
                "yLen": 52.390499114990234,
                "zLen": 62.672401428222656
            },
            "scale": [
                1.0,
                1.0,
                1.0
            ],
            "pos": [
                1.6559866261574907,
                0.0,
                -2.772143550144285
            ],
            "rot": [
                0.0,
                0.0,
                0.0,
                1.0
            ],
            "category": "Nightstand",
            "floor": [
                [
                    0.4934,
                    -0.0681
                ],
                [
                    4.2351,
                    -0.0681
                ],
                [
                    4.2351,
                    -3.0504
                ],
                [
                    0.4934,
                    -3.0504
                ],
                [
                    0.4934,
                    -0.0681
                ]
            ],
            "unormalized_bbox": [
                [
                    1.40260512591335,
                    0.0,
                    -3.085505557285398
                ],
                [
                    1.9093681264016313,
                    0.26195249557495115,
                    -2.458781543003172
                ]
            ],
            "new_bbox": [
                [
                    0.24299252369600716,
                    0.0,
                    -0.011771303116855593
                ],
                [
                    0.37842909009317455,
                    0.10478099822998047,
                    0.1983765741195815
                ]
            ],
            "type": "nightstand",
            "rotation": 0.0
        },
        {
            "jid": "32475a7e-a379-4f2b-9666-1ae76cb94b98",
            "category_id": "e7a0801e-7abd-4634-b3bc-8777342d124e",
            "size": {
                "xLen": 35.36130142211914,
                "yLen": 35.36130142211914,
                "zLen": 107.40499877929688
            },
            "scale": [
                1.0,
                1.0,
                1.0
            ],
            "pos": [
                2.4259,
                1.525996029663086,
                -1.563
            ],
            "rot": [
                0.0,
                0.0,
                0.0,
                1.0
            ],
            "category": "Pendant Lamp",
            "floor": [
                [
                    0.4934,
                    -0.0681
                ],
                [
                    4.2351,
                    -0.0681
                ],
                [
                    4.2351,
                    -3.0504
                ],
                [
                    0.4934,
                    -3.0504
                ],
                [
                    0.4934,
                    -0.0681
                ]
            ],
            "unormalized_bbox": [
                [
                    2.249093492889404,
                    1.525996029663086,
                    -2.1000249938964846
                ],
                [
                    2.6027065071105957,
                    1.7028025367736817,
                    -1.0259750061035156
                ]
            ],
            "new_bbox": [
                [
                    0.469223479404924,
                    0.6103984118652344,
                    0.3186718325129984
                ],
                [
                    0.5637294564263826,
                    0.6811210147094726,
                    0.6788133299455065
                ]
            ],
            "type": "lamp",
            "rotation": 0.0
        },
        {
            "jid": "bb6bcfe0-60c4-4e01-b416-ec4bae39c99c",
            "category_id": "2dd2368f-a3eb-43c2-8a6b-d585cd19d9a6",
            "size": {
                "xLen": 230.40199279785156,
                "yLen": 61.668800354003906,
                "zLen": 240.2760009765625
            },
            "scale": [
                1.0,
                1.0,
                1.0
            ],
            "pos": [
                0.8033999999999998,
                0.0,
                -1.8703667066786023
            ],
            "rot": [
                0.0,
                0.70711,
                0.0,
                0.70711
            ],
            "category": "Wardrobe",
            "floor": [
                [
                    0.4934,
                    -0.0681
                ],
                [
                    4.2351,
                    -0.0681
                ],
                [
                    4.2351,
                    -3.0504
                ],
                [
                    0.4934,
                    -3.0504
                ],
                [
                    0.4934,
                    -0.0681
                ]
            ],
            "unormalized_bbox": [
                [
                    -0.34860996398925803,
                    0.0,
                    -3.0717467115614148
                ],
                [
                    1.9554099639892577,
                    0.3083440017700195,
                    -0.6689867017957898
                ]
            ],
            "new_bbox": [
                [
                    -0.22503406579609747,
                    0.0,
                    -0.007157801549614388
                ],
                [
                    0.3907341486461388,
                    0.12333760070800781,
                    0.798515675218526
                ]
            ],
            "type": "wardrobe",
            "rotation": 6.0
        }
    ],
    "bbox": [
        3.7417000000000002,
        2.5,
        2.9823
    ],