{
    "id": "SecondBedroom-16071",
    "valid_objects": [
        {
            "jid": "068bc916-69aa-4153-ac1f-8cb0a00e4cde",
            "category_id": "41ac92b5-5f88-46d0-a59a-e1ed31739154",
            "size": {
                "xLen": 200.281005859375,
                "yLen": 201.7259979248047,
                "zLen": 117.80899810791016
            },
            "scale": [
                1.0,
                1.0,
                1.0
            ],
            "pos": [
                -1.0297807773806062,
                0.0,
                -1.7451048941691385
            ],
            "rot": [
                0.0,
                0.70656,
                0.0,
                0.70765
            ],
            "category": "King-size Bed",
            "floor": [
                [
                    -2.2179,
                    -0.16
                ],
                [
                    1.0748,
                    -0.16
                ],
                [
                    1.0748,
                    -2.7691
                ],
                [
                    -2.2179,
                    -2.7691
                ],
                [
                    -2.2179,
                    -0.16
                ]
            ],
            "unormalized_bbox": [
                [
                    -2.031185806677481,
                    0.0,
                    -2.3341498847086894
                ],
                [
                    -0.028375748083731223,
                    1.0086299896240234,
                    -1.1560599036295878
                ]
            ],
            "new_bbox": [
                [
                    0.05670549801759017,
                    0.0,
                    0.16670503824740734
                ],
                [
                    0.6649631766988395,
                    0.40345199584960934,
                    0.6182362103293904
                ]
            ],
            "type": "bed",
            "rotation": 5.0
        },
        {
            "jid": "3b98997c-021e-4840-994d-81512494b4cc",
            "category_id": "5c76d84c-aa8c-4bb8-88fc-cbf8da81be71",
            "size": {
                "xLen": 135.00999450683594,
                "yLen": 60.01900100708008,
                "zLen": 76.0
            },
            "scale": [
                1.0,
                1.0,
                1.0
            ],
            "pos": [
                -1.9874587341117893,
                0.0,
                -0.7751700345674287
            ],
            "rot": [
                0.0,
                0.70711,
                0.0,
                0.70711
            ],
            "category": "Desk",
            "floor": [
                [
                    -2.2179,
                    -0.16
                ],
                [
                    1.0748,
                    -0.16
                ],
                [
                    1.0748,
                    -2.7691
                ],
                [
                    -2.2179,
                    -2.7691
                ],
                [
                    -2.2179,
                    -0.16
                ]
            ],
            "unormalized_bbox": [
                [
                    -2.662508706645969,
                    0.0,
                    -1.1551700345674287
                ],
                [
                    -1.3124087615776097,
                    0.3000950050354004,
                    -0.3951700345674287
                ]
            ],
            "new_bbox": [
                [
                    -0.1350286107589422,
                    0.0,
                    0.6185772739383586
                ],
                [
                    0.2749996168561942,
                    0.12003800201416015,
                    0.9098654576032239
                ]
            ],
            "type": "desk",
            "rotation": 6.0
        },
        {
            "jid": "8d47cb7b-eff9-46e1-924c-2e33eed6f20c",
            "category_id": "30c7fefc-a32e-48e1-9458-dfab61595dc7",
            "size": {
                "xLen": 56.05540084838867,
                "yLen": 62.242801666259766,
                "zLen": 107.66799926757812
            },
            "scale": [
                1.0,
                1.0,
                1.0
            ],
            "pos": [
                -1.404257246574006,
                0.0,
                -0.5768520756831754
            ],
            "rot": [
                0.0,
                0.79748,
                0.0,
                -0.60334
            ],
            "category": "Dining Chair",
            "floor": [
                [
                    -2.2179,
                    -0.16
                ],
                [
                    1.0748,
                    -0.16
                ],
                [
                    1.0748,
                    -2.7691
                ],
                [
                    -2.2179,
                    -2.7691
                ],
                [
                    -2.2179,
                    -0.16
                ]
            ],
            "unormalized_bbox": [
                [
                    -1.6845342508159493,
                    0.0,
                    -1.115192072021066
                ],
                [
                    -1.1239802423320626,
                    0.3112140083312988,
                    -0.03851207934528478
                ]
            ],
            "new_bbox": [
                [
                    0.16198431353723416,
                    0.0,
                    0.6338997845919796
                ],
                [
                    0.33222575930632536,
                    0.12448560333251953,
                    1.0465631522957017
                ]
            ],
            "type": "chair",
            "rotation": 19.0
        },
        {
            "jid": "5b064413-e20c-4579-aed0-e591a9e86f32",
            "category_id": "2374eec6-a564-4f13-ba49-df54fe5b01f5",
            "size": {
                "xLen": 101.86900329589844,
                "yLen": 101.6969985961914,
                "zLen": 72.50420379638672
            },
            "scale": [
                1.0,
                1.0,
                1.0
            ],
            "pos": [
                -0.6550999999999999,
                1.8749549667358396,
                -1.5038
            ],
            "rot": [
                0.0,
                0.0,
                0.0,
                1.0
            ],
            "category": "Ceiling Lamp",
            "floor": [
                [
                    -2.2179,
                    -0.16
                ],
                [
                    1.0748,
                    -0.16
                ],
                [
                    1.0748,
                    -2.7691
                ],
                [
                    -2.2179,
                    -2.7691
                ],
                [
                    -2.2179,
                    -0.16
                ]
            ],
            "unormalized_bbox": [
                [
                    -1.1644450164794922,
                    1.8749549667358396,
                    -1.8663210189819337
                ],
                [
                    -0.14575498352050775,
                    2.383439959716797,
                    -1.1412789810180664
                ]
            ],
            "new_bbox": [
                [
                    0.3199365212501923,
                    0.7499819866943358,
                    0.3460116442520663
                ],
                [
                    0.6293148530019413,
                    0.9533759838867187,
                    0.62390135256676
                ]
            ],
            "type": "lamp",
            "rotation": 0.0
        }
    ],
    "bbox": [
        3.2927,
        2.5,
        2.6090999999999998
    ],