{
    "id": "Bedroom-34900",
    "valid_objects": [
        {
            "jid": "62ce5421-bc66-46ef-b797-a809ca70d250",
            "category_id": "41ac92b5-5f88-46d0-a59a-e1ed31739154",
            "size": {
                "xLen": 217.70799255371094,
                "yLen": 244.2969970703125,
                "zLen": 126.77100372314453
            },
            "scale": [
                1.0,
                1.0,
                1.0
            ],
            "pos": [
                13.924042506636578,
                0.0,
                17.79090713023554
            ],
            "rot": [
                0.0,
                0.70711,
                0.0,
                0.70711
            ],
            "category": "King-size Bed",
            "floor": [
                [
                    12.6872,
                    20.44796
                ],
                [
                    17.3672,
                    20.44796
                ],
                [
                    17.3672,
                    16.03638
                ],
                [
                    12.6872,
                    16.03638
                ],
                [
                    12.6872,
                    20.44796
                ]
            ],
            "unormalized_bbox": [
                [
                    12.835502543868024,
                    0.0,
                    17.157052111619816
                ],
                [
                    15.012582469405132,
                    1.2214849853515626,
                    18.42476214885126
                ]
            ],
            "new_bbox": [
                [
                    0.03168857774957771,
                    0.0,
                    0.25402964734172684
                ],
                [
                    0.49687659602673745,
                    0.48859399414062504,
                    0.5413892865710838
                ]
            ],
            "type": "bed",
            "rotation": 6.0
        },
        {
            "jid": "ce2fddf4-5119-44dc-9b2a-7f8485634b28",
            "category_id": "fd556cb2-0677-4e11-961c-497375ae1f29",
            "size": {
                "xLen": 34.09510040283203,
                "yLen": 39.123600006103516,
                "zLen": 176.1840057373047
            },
            "scale": [
                1.0,
                1.0,
                1.0
            ],
            "pos": [
                12.968658463201713,
                0.0,
                19.339529178879435
            ],
            "rot": [
                0.0,
                0.70711,
                0.0,
                0.70711
            ],
            "category": "Shelf",
            "floor": [
                [
                    12.6872,
                    20.44796
                ],
                [
                    17.3672,
                    20.44796
                ],
                [
                    17.3672,
                    16.03638
                ],
                [
                    12.6872,
                    16.03638
                ],
                [
                    12.6872,
                    20.44796
                ]
            ],
            "unormalized_bbox": [
                [
                    12.798182961187553,
                    0.0,
                    18.45860915019291
                ],
                [
                    13.139133965215873,
                    0.19561800003051757,
                    20.22044920756596
                ]
            ],
            "new_bbox": [
                [
                    0.023714307946058243,
                    0.0,
                    0.5490615947558267
                ],
                [
                    0.09656708658458804,
                    0.07824720001220703,
                    0.9484287279310272
                ]
            ],
            "type": "shelf",
            "rotation": 6.0
        },
        {
            "jid": "24adeee8-399e-46e9-8d8c-aa641084c1e1",
            "category_id": "89404b8a-5bb6-42cf-95fa-73c9bfba4c97",
            "size": {
                "xLen": 40.0,
                "yLen": 38.71220016479492,
                "zLen": 55.0
            },
            "scale": [
                1.0,
                1.0,
                1.0
            ],
            "pos": [
                12.90178,
                0.0,
                16.65585
            ],
            "rot": [
                0.0,
                0.70711,
                0.0,
                0.70711
            ],
            "category": "Nightstand",
            "floor": [
                [
                    12.6872,
                    20.44796
                ],
                [
                    17.3672,
                    20.44796
                ],
                [
                    17.3672,
                    16.03638
                ],
                [
                    12.6872,
                    16.03638
                ],
                [
                    12.6872,
                    20.44796
                ]
            ],
            "unormalized_bbox": [
                [
                    12.701780000000001,
                    0.0,
                    16.380850000000002
                ],
                [
                    13.10178,
                    0.19356100082397462,
                    16.93085
                ]
            ],
            "new_bbox": [
                [
                    0.0031153846153847186,
                    0.0,
                    0.0780831357472836
                ],
                [
                    0.0885854700854699,
                    0.07742440032958985,
                    0.20275502201025458
                ]
            ],
            "type": "nightstand",
            "rotation": 6.0
        },
        {
            "jid": "9582f63c-7e72-44c6-9373-3e229f9ff7ef",
            "category_id": "e7a0801e-7abd-4634-b3bc-8777342d124e",
            "size": {
                "xLen": 47.89580154418945,
                "yLen": 47.89580154418945,
                "zLen": 44.764801025390625
            },
            "scale": [
                1.0,
                1.0,
                1.0
            ],
            "pos": [
                12.96411,
                2.7023519915771486,
                16.68224
            ],
            "rot": [
                0.0,
                -0.75109,
                0.0,
                0.6602
            ],
            "category": "Pendant Lamp",
            "floor": [
                [
                    12.6872,
                    20.44796
                ],
                [
                    17.3672,
                    20.44796
                ],
                [
                    17.3672,
                    16.03638
                ],
                [
                    12.6872,
                    16.03638
                ],
                [
                    12.6872,
                    20.44796
                ]
            ],
            "unormalized_bbox": [
                [
                    12.724630992279053,
                    2.7023519915771486,
                    16.458415994873047
                ],
                [
                    13.203589007720947,
                    2.9418309992980958,
                    16.906064005126954
                ]
            ],
            "new_bbox": [
                [
                    0.00799807527330178,
                    1.0809407966308595,
                    0.09566549736671345
                ],
                [
                    0.11033953156430468,
                    1.1767323997192383,
                    0.19713662794893283
                ]
            ],
            "type": "lamp",
            "rotation": 18.0
        }
    ],
    "bbox": [
        4.68,
        2.5,
        4.411579999999997
    ],