{
    "id": "MasterBedroom-89427",
    "valid_objects": [
        {
            "jid": "d661271f-3af4-4f6d-b752-83b1aaf8ae44",
            "category_id": "2dd2368f-a3eb-43c2-8a6b-d585cd19d9a6",
            "size": {
                "xLen": 193.64500427246094,
                "yLen": 70.5447006225586,
                "zLen": 226.41000366210938
            },
            "scale": [
                1.0,
                1.0,
                1.0
            ],
            "pos": [
                1.1455437102492965,
                0.0,
                4.674040888234665
            ],
            "rot": [
                0.0,
                0.0,
                0.0,
                1.0
            ],
            "category": "Wardrobe",
            "floor": [
                [
                    -1.2616,
                    7.8263
                ],
                [
                    2.1153,
                    7.8263
                ],
                [
                    2.1153,
                    4.3167
                ],
                [
                    -1.2616,
                    4.3167
                ],
                [
                    -1.2616,
                    7.8263
                ]
            ],
            "unormalized_bbox": [
                [
                    0.17731868888699176,
                    0.0,
                    3.5419908699241183
                ],
                [
                    2.113768731611601,
                    0.352723503112793,
                    5.8060909065452115
                ]
            ],
            "new_bbox": [
                [
                    0.4261063960694696,
                    0.0,
                    -0.22074000742987285
                ],
                [
                    0.9995465461256184,
                    0.1410894012451172,
                    0.424376255569071
                ]
            ],
            "type": "wardrobe",
            "rotation": 0.0
        },
        {
            "jid": "9670b9b7-8743-421e-9a11-7360bbd595c9",
            "category_id": "41ac92b5-5f88-46d0-a59a-e1ed31739154",
            "size": {
                "xLen": 220.43899536132812,
                "yLen": 237.3769989013672,
                "zLen": 84.02940368652344
            },
            "scale": [
                1.0,
                1.0,
                1.0
            ],
            "pos": [
                0.895779613197121,
                0.0,
                6.321657239758369
            ],
            "rot": [
                0.0,
                -0.70711,
                0.0,
                0.70711
            ],
            "category": "King-size Bed",
            "floor": [
                [
                    -1.2616,
                    7.8263
                ],
                [
                    2.1153,
                    7.8263
                ],
                [
                    2.1153,
                    4.3167
                ],
                [
                    -1.2616,
                    4.3167
                ],
                [
                    -1.2616,
                    7.8263
                ]
            ],
            "unormalized_bbox": [
                [
                    -0.20641536360951962,
                    0.0,
                    5.9015102213257515
                ],
                [
                    1.9979745900037615,
                    1.186884994506836,
                    6.741804258190986
                ]
            ],
            "new_bbox": [
                [
                    0.31247138985178136,
                    0.0,
                    0.4515643438926805
                ],
                [
                    0.9652564748745185,
                    0.4747539978027344,
                    0.6909916395574955
                ]
            ],
            "type": "bed",
            "rotation": 18.0
        },
        {
            "jid": "73dfcc36-ab85-45e8-9063-bc1c4bba7aac",
            "category_id": "2374eec6-a564-4f13-ba49-df54fe5b01f5",
            "size": {
                "xLen": 55.0,
                "yLen": 55.0,
                "zLen": 13.315899848937988
            },
            "scale": [
                1.0,
                1.0,
                1.0
            ],
            "pos": [
                0.3973,
                2.466819999313355,
                6.1936
            ],
            "rot": [
                0.0,
                0.0,
                0.0,
                1.0
            ],
            "category": "Ceiling Lamp",
            "floor": [
                [
                    -1.2616,
                    7.8263
                ],
                [
                    2.1153,
                    7.8263
                ],
                [
                    2.1153,
                    4.3167
                ],
                [
                    -1.2616,
                    4.3167
                ],
                [
                    -1.2616,
                    7.8263
                ]
            ],
            "unormalized_bbox": [
                [
                    0.12229999999999996,
                    2.466819999313355,
                    6.12702050075531
                ],
                [
                    0.6723,
                    2.7418199993133547,
                    6.26017949924469
                ]
            ],
            "new_bbox": [
                [
                    0.40981373449021297,
                    0.986727999725342,
                    0.5158196092874715
                ],
                [
                    0.5726850069590452,
                    1.0967279997253419,
                    0.5537609696958884
                ]
            ],
            "type": "lamp",
            "rotation": 0.0
        }
    ],
    "bbox": [
        3.3769,
        2.5,
        3.5096
    ],
    "existing_objects": [
        1.0,
        0.0,
        0.0,
        0.0,
        0.0,
        0.0,
        0.0,
        0.0,
        1.0,
        0.0,
        0.0,
        0.0,
        0.0,
        1.0,
        0.0,
        0.0
    ]
}