{
    "id": "SecondBedroom-2540",
    "valid_objects": [
        {
            "jid": "401aa29f-6dbe-41f6-b91d-9c7bf5af9dd8",
            "category_id": "41ac92b5-5f88-46d0-a59a-e1ed31739154",
            "size": {
                "xLen": 185.0590057373047,
                "yLen": 225.21299743652344,
                "zLen": 112.64800262451172
            },
            "scale": [
                1.0,
                1.0,
                1.0
            ],
            "pos": [
                1.1568808972139755,
                0.0,
                -2.7163704302688947
            ],
            "rot": [
                0.0,
                -0.70639,
                0.0,
                0.70782
            ],
            "category": "King-size Bed",
            "floor": [
                [
                    -0.9467,
                    -0.7692
                ],
                [
                    2.2875,
                    -0.7692
                ],
                [
                    2.2875,
                    -4.6228
                ],
                [
                    -0.9467,
                    -4.6228
                ],
                [
                    -0.9467,
                    -0.7692
                ]
            ],
            "unormalized_bbox": [
                [
                    0.231585868527452,
                    0.0,
                    -3.2796104433914532
                ],
                [
                    2.082175925900499,
                    1.1260649871826172,
                    -2.153130417146336
                ]
            ],
            "new_bbox": [
                [
                    0.36432065689427123,
                    0.0,
                    0.34855448323867205
                ],
                [
                    0.9365147257128498,
                    0.45042599487304685,
                    0.6408733607156072
                ]
            ],
            "type": "bed",
            "rotation": 18.0
        },
        {
            "jid": "7e7f1f8e-812f-402b-b5fc-406719e9ec43",
            "category_id": "2374eec6-a564-4f13-ba49-df54fe5b01f5",
            "size": {
                "xLen": 43.96080017089844,
                "yLen": 43.96070098876953,
                "zLen": 21.005199432373047
            },
            "scale": [
                1.0,
                1.0,
                1.0
            ],
            "pos": [
                0.6606999999999998,
                2.419698009490967,
                -2.328
            ],
            "rot": [
                0.0,
                1.0,
                0.0,
                0.0
            ],
            "category": "Ceiling Lamp",
            "floor": [
                [
                    -0.9467,
                    -0.7692
                ],
                [
                    2.2875,
                    -0.7692
                ],
                [
                    2.2875,
                    -4.6228
                ],
                [
                    -0.9467,
                    -4.6228
                ],
                [
                    -0.9467,
                    -0.7692
                ]
            ],
            "unormalized_bbox": [
                [
                    0.44089599914550764,
                    2.419698009490967,
                    -2.4330259971618653
                ],
                [
                    0.880504000854492,
                    2.639501514434815,
                    -2.2229740028381344
                ]
            ],
            "new_bbox": [
                [
                    0.4290384018135884,
                    0.9678792037963868,
                    0.5682411259181375
                ],
                [
                    0.5649632060028731,
                    1.055800605773926,
                    0.6227491169716279
                ]
            ],
            "type": "lamp",
            "rotation": 0.0
        },
        {
            "jid": "1f04134b-e388-4630-8f9b-49a549397dcb",
            "category_id": "a1804c08-fbdc-4696-9c38-3d3b143c1b02",
            "size": {
                "xLen": 183.4720001220703,
                "yLen": 36.27370071411133,
                "zLen": 48.11309814453125
            },
            "scale": [
                1.0,
                1.0,
                1.0
            ],
            "pos": [
                -0.7637349960327146,
                0.0,
                -3.0272100000000006
            ],
            "rot": [
                0.0,
                0.70711,
                0.0,
                0.70711
            ],
            "category": "TV Stand",
            "floor": [
                [
                    -0.9467,
                    -0.7692
                ],
                [
                    2.2875,
                    -0.7692
                ],
                [
                    2.2875,
                    -4.6228
                ],
                [
                    -0.9467,
                    -4.6228
                ],
                [
                    -0.9467,
                    -0.7692
                ]
            ],
            "unormalized_bbox": [
                [
                    -1.6810949966430662,
                    0.0,
                    -3.267775490722657
                ],
                [
                    0.15362500457763706,
                    0.18136850357055664,
                    -2.786644509277344
                ]
            ],
            "new_bbox": [
                [
                    -0.22707160863368567,
                    0.0,
                    0.35162562520171864
                ],
                [
                    0.34021551066032935,
                    0.07254740142822266,
                    0.4764779662452397
                ]
            ],
            "type": "stand",
            "rotation": 6.0
        },
        {
            "jid": "08033850-ac78-475d-a588-54a9ae21d711",
            "category_id": "2dd2368f-a3eb-43c2-8a6b-d585cd19d9a6",
            "size": {
                "xLen": 125.71600341796875,
                "yLen": 55.599998474121094,
                "zLen": 201.79400634765625
            },
            "scale": [
                1.0,
                1.0,
                1.0
            ],
            "pos": [
                1.1431099999999998,
                0.0,
                -1.0942
            ],
            "rot": [
                0.0,
                1.0,
                0.0,
                0.0
            ],
            "category": "Wardrobe",
            "floor": [
                [
                    -0.9467,
                    -0.7692
                ],
                [
                    2.2875,
                    -0.7692
                ],
                [
                    2.2875,
                    -4.6228
                ],
                [
                    -0.9467,
                    -4.6228
                ],
                [
                    -0.9467,
                    -0.7692
                ]
            ],
            "unormalized_bbox": [
                [
                    0.5145299829101561,
                    0.0,
                    -2.1031700317382813
                ],
                [
                    1.7716900170898437,
                    0.27799999237060546,
                    -0.0852299682617188
                ]
            ],
            "new_bbox": [
                [
                    0.4518056962804267,
                    0.0,
                    0.6538379614546707
                ],
                [
                    0.840513888160857,
                    0.11119999694824219,
                    1.1774885903410528
                ]
            ],
            "type": "wardrobe",
            "rotation": 0.0
        }
    ],
    "bbox": [
        3.2342,
        2.5,
        3.8535999999999997
    ],