{
    "id": "SecondBedroom-26550",
    "valid_objects": [
        {
            "jid": "401aa29f-6dbe-41f6-b91d-9c7bf5af9dd8",
            "category_id": "41ac92b5-5f88-46d0-a59a-e1ed31739154",
            "size": {
                "xLen": 185.0590057373047,
                "yLen": 225.21299743652344,
                "zLen": 112.64800262451172
            },
            "scale": [
                1.0,
                1.0,
                1.0
            ],
            "pos": [
                2.2974963412185,
                0.0,
                -3.45692896925674
            ],
            "rot": [
                0.0,
                1.0,
                0.0,
                0.0
            ],
            "category": "King-size Bed",
            "floor": [
                [
                    1.7207,
                    -2.0514
                ],
                [
                    3.426,
                    -2.0514
                ],
                [
                    3.426,
                    -4.5944
                ],
                [
                    0.4342,
                    -4.5944
                ],
                [
                    0.4342,
                    -2.0514
                ],
                [
                    1.7207,
                    -2.0514
                ]
            ],
            "unormalized_bbox": [
                [
                    1.3722013125319763,
                    0.0,
                    -4.020168982379299
                ],
                [
                    3.2227913699050235,
                    1.1260649871826172,
                    -2.8936889561341816
                ]
            ],
            "new_bbox": [
                [
                    0.3135240699685729,
                    0.0,
                    0.22580850083393686
                ],
                [
                    0.9320781368758017,
                    0.45042599487304685,
                    0.6687813778473529
                ]
            ],
            "type": "bed",
            "rotation": 0.0
        },
        {
            "jid": "7e7f1f8e-812f-402b-b5fc-406719e9ec43",
            "category_id": "2374eec6-a564-4f13-ba49-df54fe5b01f5",
            "size": {
                "xLen": 43.96080017089844,
                "yLen": 43.96070098876953,
                "zLen": 21.005199432373047
            },
            "scale": [
                1.0,
                1.0,
                1.0
            ],
            "pos": [
                2.0242,
                2.390038003921509,
                -3.5498
            ],
            "rot": [
                0.0,
                0.0,
                0.0,
                1.0
            ],
            "category": "Ceiling Lamp",
            "floor": [
                [
                    1.7207,
                    -2.0514
                ],
                [
                    3.426,
                    -2.0514
                ],
                [
                    3.426,
                    -4.5944
                ],
                [
                    0.4342,
                    -4.5944
                ],
                [
                    0.4342,
                    -2.0514
                ],
                [
                    1.7207,
                    -2.0514
                ]
            ],
            "unormalized_bbox": [
                [
                    1.8043959991455079,
                    2.390038003921509,
                    -3.6548259971618653
                ],
                [
                    2.2440040008544924,
                    2.609841508865357,
                    -3.4447740028381344
                ]
            ],
            "new_bbox": [
                [
                    0.45798382216241323,
                    0.9560152015686036,
                    0.36947463737244784
                ],
                [
                    0.6049214522543259,
                    1.0439366035461428,
                    0.4520747137875996
                ]
            ],
            "type": "lamp",
            "rotation": 0.0
        },
        {
            "jid": "bb9598e5-69bc-46e9-90c6-c6fb93f96ed1",
            "category_id": "89404b8a-5bb6-42cf-95fa-73c9bfba4c97",
            "size": {
                "xLen": 40.00019836425781,
                "yLen": 32.21889877319336,
                "zLen": 55.0
            },
            "scale": [
                1.0,
                1.0,
                1.0
            ],
            "pos": [
                3.315190030732494,
                0.0,
                -2.577854728729662
            ],
            "rot": [
                0.0,
                0.70711,
                0.0,
                -0.70711
            ],
            "category": "Nightstand",
            "floor": [
                [
                    1.7207,
                    -2.0514
                ],
                [
                    3.426,
                    -2.0514
                ],
                [
                    3.426,
                    -4.5944
                ],
                [
                    0.4342,
                    -4.5944
                ],
                [
                    0.4342,
                    -2.0514
                ],
                [
                    1.7207,
                    -2.0514
                ]
            ],
            "unormalized_bbox": [
                [
                    3.115189038911205,
                    0.0,
                    -2.8528547287296617
                ],
                [
                    3.5151910225537835,
                    0.1610944938659668,
                    -2.302854728729662
                ]
            ],
            "new_bbox": [
                [
                    0.8961123868277308,
                    0.0,
                    0.6848388797759883
                ],
                [
                    1.0298118265103895,
                    0.06443779754638672,
                    0.9011188640465349
                ]
            ],
            "type": "nightstand",
            "rotation": 18.0
        }
    ],
    "bbox": [
        2.9918,
        2.5,
        2.543
    ],
    "existing_objects": [
        0.0,
        0.0,
        0.0,
        0.0,
        0.0,
        0.0,
        0.0,
        0.0,
        1.0,
        0.0,
        1.0,
        0.0,
        0.0,
        1.0,
        0.0,
        0.0
    ]
}