{
    "id": "MasterBedroom-70985",
    "valid_objects": [
        {
            "jid": "5a574d57-03b8-4a9c-b48a-b83bc69c93de",
            "category_id": "d2a64592-caa7-4ab1-877e-561323315774",
            "size": {
                "xLen": 272.9339904785156,
                "yLen": 88.96189880371094,
                "zLen": 108.41999816894531
            },
            "scale": [
                1.0,
                1.0,
                1.0
            ],
            "pos": [
                1.9181876370852184,
                0.0,
                -1.945296868502823
            ],
            "rot": [
                0.0,
                -0.70711,
                0.0,
                0.70711
            ],
            "category": "Three-Seat / Multi-seat Sofa",
            "floor": [
                [
                    0.54425,
                    -0.06715
                ],
                [
                    4.67928,
                    -0.06715
                ],
                [
                    4.67928,
                    -4.25715
                ],
                [
                    0.54425,
                    -4.25715
                ],
                [
                    0.54425,
                    -0.06715
                ]
            ],
            "unormalized_bbox": [
                [
                    0.5535176846926404,
                    0.0,
                    -2.4873968593475495
                ],
                [
                    3.2828575894777963,
                    0.4448094940185547,
                    -1.4031968776580963
                ]
            ],
            "new_bbox": [
                [
                    0.002241261778666754,
                    0.0,
                    0.4223754512297018
                ],
                [
                    0.6622944910865933,
                    0.17792379760742189,
                    0.6811343967403112
                ]
            ],
            "type": "sofa",
            "rotation": 18.0
        },
        {
            "jid": "1407b515-5e0f-4fc2-b389-4a6ef572fba3",
            "category_id": "41ac92b5-5f88-46d0-a59a-e1ed31739154",
            "size": {
                "xLen": 232.57000732421875,
                "yLen": 231.96099853515625,
                "zLen": 88.9926986694336
            },
            "scale": [
                1.0,
                1.0,
                1.0
            ],
            "pos": [
                3.561280528004075,
                0.0,
                -1.9671427486637498
            ],
            "rot": [
                0.0,
                -0.70711,
                0.0,
                0.70711
            ],
            "category": "Drawer Chest / Corner cabinet",
            "floor": [
                [
                    0.54425,
                    -0.06715
                ],
                [
                    4.67928,
                    -0.06715
                ],
                [
                    4.67928,
                    -4.25715
                ],
                [
                    0.54425,
                    -4.25715
                ],
                [
                    0.54425,
                    -0.06715
                ]
            ],
            "unormalized_bbox": [
                [
                    2.3984304913829817,
                    0.0,
                    -2.4121062420109176
                ],
                [
                    4.724130564625169,
                    1.1598049926757812,
                    -1.5221792553165818
                ]
            ],
            "new_bbox": [
                [
                    0.44840799011929333,
                    0.0,
                    0.4403445723124302
                ],
                [
                    1.0108464907449688,
                    0.46392199707031245,
                    0.6527376478958039
                ]
            ],
            "type": "cabinet",
            "rotation": 18.0
        },
        {
            "jid": "3fc6a3f3-2f14-46b3-b06b-ce80ec5c7742",
            "category_id": "f2c08afc-68c8-42a7-b62c-1b648f87edba",
            "size": {
                "xLen": 40.9109992980957,
                "yLen": 43.34749984741211,
                "zLen": 83.37110137939453
            },
            "scale": [
                1.0,
                1.0,
                1.0
            ],
            "pos": [
                4.153993594959244,
                0.0,
                -3.491296544614438
            ],
            "rot": [
                0.0,
                0.70711,
                0.0,
                0.70711
            ],
            "category": "Lounge Chair / Cafe Chair / Office Chair",
            "floor": [
                [
                    0.54425,
                    -0.06715
                ],
                [
                    4.67928,
                    -0.06715
                ],
                [
                    4.67928,
                    -4.25715
                ],
                [
                    0.54425,
                    -4.25715
                ],
                [
                    0.54425,
                    -0.06715
                ]
            ],
            "unormalized_bbox": [
                [
                    3.949438598468766,
                    0.0,
                    -3.908152051511411
                ],
                [
                    4.358548591449723,
                    0.21673749923706054,
                    -3.0744410377174654
                ]
            ],
            "new_bbox": [
                [
                    0.8234979186290705,
                    0.0,
                    0.08329306646505709
                ],
                [
                    0.9224355304434847,
                    0.08669499969482422,
                    0.282269442072204
                ]
            ],
            "type": "chair",
            "rotation": 6.0
        }
    ],
    "bbox": [
        4.13503,
        2.5,
        4.19
    ],
    "existing_objects": [
        0.0,
        1.0,
        0.0,
        0.0,
        1.0,
        1.0,
        0.0,
        0.0,
        0.0,
        0.0,
        0.0,
        0.0,
        0.0,
        0.0,
        0.0,
        0.0
    ]
}