{
    "id": "SecondBedroom-11406",
    "valid_objects": [
        {
            "jid": "e40258de-5c0c-4ce7-8b85-2953d498ac77",
            "category_id": "2374eec6-a564-4f13-ba49-df54fe5b01f5",
            "size": {
                "xLen": 50.5890998840332,
                "yLen": 43.8114013671875,
                "zLen": 29.280799865722656
            },
            "scale": [
                1.0,
                1.0,
                1.0
            ],
            "pos": [
                -1.048791054076964,
                2.507190005645752,
                -0.009466827175059506
            ],
            "rot": [
                0.0,
                0.0,
                0.0,
                1.0
            ],
            "category": "Ceiling Lamp",
            "floor": [
                [
                    -3.18,
                    1.18
                ],
                [
                    1.0442,
                    1.18
                ],
                [
                    1.04388,
                    -1.38
                ],
                [
                    -3.18,
                    -1.38
                ],
                [
                    -3.18,
                    1.18
                ]
            ],
            "unormalized_bbox": [
                [
                    -1.3017365534971301,
                    2.507190005645752,
                    -0.1558708265036728
                ],
                [
                    -0.795845554656798,
                    2.7262470124816893,
                    0.13693717215355378
                ]
            ],
            "new_bbox": [
                [
                    0.44464358849080776,
                    1.0028760022583008,
                    0.4781754583970029
                ],
                [
                    0.5644037794951001,
                    1.0904988049926758,
                    0.5925535828724819
                ]
            ],
            "type": "lamp",
            "rotation": 0.0
        },
        {
            "jid": "06dfd96e-44c4-402b-896a-c895cd537929",
            "category_id": "8f58f84c-1424-4aaf-aef5-62ae1da722ab",
            "size": {
                "xLen": 150.39599609375,
                "yLen": 219.08799743652344,
                "zLen": 106.19300079345703
            },
            "scale": [
                1.0,
                1.0,
                1.0
            ],
            "pos": [
                -0.24968301557186817,
                0.0,
                -0.25089414343796523
            ],
            "rot": [
                0.0,
                0.0,
                0.0,
                1.0
            ],
            "category": "Kids Bed",
            "floor": [
                [
                    -3.18,
                    1.18
                ],
                [
                    1.0442,
                    1.18
                ],
                [
                    1.04388,
                    -1.38
                ],
                [
                    -3.18,
                    -1.38
                ],
                [
                    -3.18,
                    1.18
                ]
            ],
            "unormalized_bbox": [
                [
                    -1.0016629960406183,
                    0.0,
                    -0.7818591474052504
                ],
                [
                    0.5022969648968818,
                    1.0954399871826173,
                    0.28007086052931995
                ]
            ],
            "new_bbox": [
                [
                    0.5156803664503059,
                    0.0,
                    0.23364877054482405
                ],
                [
                    0.8717146358829796,
                    0.4381759948730469,
                    0.6484651798942657
                ]
            ],
            "type": "bed",
            "rotation": 0.0
        },
        {
            "jid": "93ccf508-3352-42ba-94ab-12b1d461b86d",
            "category_id": "2dd2368f-a3eb-43c2-8a6b-d585cd19d9a6",
            "size": {
                "xLen": 177.95399475097656,
                "yLen": 59.836700439453125,
                "zLen": 219.2519989013672
            },
            "scale": [
                1.0,
                1.0,
                1.0
            ],
            "pos": [
                -2.2823021697788644,
                0.0,
                -1.0799722608010276
            ],
            "rot": [
                0.0,
                0.0,
                0.0,
                1.0
            ],
            "category": "Wardrobe",
            "floor": [
                [
                    -3.18,
                    1.18
                ],
                [
                    1.0442,
                    1.18
                ],
                [
                    1.04388,
                    -1.38
                ],
                [
                    -3.18,
                    -1.38
                ],
                [
                    -3.18,
                    1.18
                ]
            ],
            "unormalized_bbox": [
                [
                    -3.172072143533747,
                    0.0,
                    -2.1762322553078635
                ],
                [
                    -1.3925321960239816,
                    0.29918350219726564,
                    0.01628773370580827
                ]
            ],
            "new_bbox": [
                [
                    0.001876771096598894,
                    0.0,
                    -0.31102822472963426
                ],
                [
                    0.42314942568439434,
                    0.11967340087890625,
                    0.5454248959788314
                ]
            ],
            "type": "wardrobe",
            "rotation": 0.0
        }
    ],
    "bbox": [
        4.2242,
        2.5,
        2.5599999999999996
    ],
    "existing_objects": [
        1.0,
        0.0,
        0.0,
        0.0,
        0.0,
        0.0,
        0.0,
        0.0,
        1.0,
        0.0,
        0.0,
        0.0,
        0.0,
        1.0,
        0.0,
        0.0
    ]
}