{
    "id": "Bedroom-31327",
    "valid_objects": [
        {
            "jid": "00acb313-c507-4372-addf-508755c6e98b",
            "category_id": "41ac92b5-5f88-46d0-a59a-e1ed31739154",
            "size": {
                "xLen": 161.3070068359375,
                "yLen": 197.72500610351562,
                "zLen": 93.97589874267578
            },
            "scale": [
                1.0,
                1.0,
                1.0
            ],
            "pos": [
                0.98617,
                0.0,
                -2.53022
            ],
            "rot": [
                0.0,
                0.70711,
                0.0,
                -0.70711
            ],
            "category": "King-size Bed",
            "floor": [
                [
                    0.5061,
                    0.1771
                ],
                [
                    2.0571,
                    0.1771
                ],
                [
                    2.0571,
                    -4.4185
                ],
                [
                    -0.5867,
                    -4.4185
                ],
                [
                    -0.5867,
                    0.1771
                ],
                [
                    0.5061,
                    0.1771
                ]
            ],
            "unormalized_bbox": [
                [
                    0.17963496582031246,
                    0.0,
                    -3.0000994937133787
                ],
                [
                    1.7927050341796875,
                    0.9886250305175781,
                    -2.060340506286621
                ]
            ],
            "new_bbox": [
                [
                    0.28986117173020365,
                    0.0,
                    0.30864316004147907
                ],
                [
                    0.8999943392766804,
                    0.39545001220703124,
                    0.5131341922084991
                ]
            ],
            "type": "bed",
            "rotation": 18.0
        },
        {
            "jid": "311ff139-b90e-42cb-9ef6-bb95f6567ca7",
            "category_id": "2dd2368f-a3eb-43c2-8a6b-d585cd19d9a6",
            "size": {
                "xLen": 195.26400756835938,
                "yLen": 76.04989624023438,
                "zLen": 270.4320068359375
            },
            "scale": [
                1.0,
                1.0,
                1.0
            ],
            "pos": [
                1.055702180178474,
                0.0,
                -0.2106216457782774
            ],
            "rot": [
                0.0,
                1.0,
                0.0,
                0.0
            ],
            "category": "Wardrobe",
            "floor": [
                [
                    0.5061,
                    0.1771
                ],
                [
                    2.0571,
                    0.1771
                ],
                [
                    2.0571,
                    -4.4185
                ],
                [
                    -0.5867,
                    -4.4185
                ],
                [
                    -0.5867,
                    0.1771
                ],
                [
                    0.5061,
                    0.1771
                ]
            ],
            "unormalized_bbox": [
                [
                    0.07938214233667718,
                    0.0,
                    -1.562781679957965
                ],
                [
                    2.0320222180202707,
                    0.38024948120117186,
                    1.14153838840141
                ]
            ],
            "new_bbox": [
                [
                    0.25194119915904273,
                    0.0,
                    0.6214027156501948
                ],
                [
                    0.9905144935397044,
                    0.15209979248046873,
                    1.2098612560713313
                ]
            ],
            "type": "wardrobe",
            "rotation": 0.0
        },
        {
            "jid": "3aed8cb0-da5d-4f31-ae74-4b68faaa29be",
            "category_id": "2374eec6-a564-4f13-ba49-df54fe5b01f5",
            "size": {
                "xLen": 61.28219985961914,
                "yLen": 63.28990173339844,
                "zLen": 15.004899978637695
            },
            "scale": [
                1.0,
                1.0,
                1.0
            ],
            "pos": [
                0.56662,
                2.4499479965972903,
                -2.57725
            ],
            "rot": [
                0.0,
                0.0,
                0.0,
                1.0
            ],
            "category": "Ceiling Lamp",
            "floor": [
                [
                    0.5061,
                    0.1771
                ],
                [
                    2.0571,
                    0.1771
                ],
                [
                    2.0571,
                    -4.4185
                ],
                [
                    -0.5867,
                    -4.4185
                ],
                [
                    -0.5867,
                    0.1771
                ],
                [
                    0.5061,
                    0.1771
                ]
            ],
            "unormalized_bbox": [
                [
                    0.26020900070190434,
                    2.4499479965972903,
                    -2.6522744998931884
                ],
                [
                    0.8730309992980957,
                    2.7663975052642824,
                    -2.502225500106811
                ]
            ],
            "new_bbox": [
                [
                    0.3203377716551571,
                    0.9799791986389161,
                    0.38432968493924874
                ],
                [
                    0.5521336709653134,
                    1.106559002105713,
                    0.41698026370728275
                ]
            ],
            "type": "lamp",
            "rotation": 0.0
        }
    ],
    "bbox": [
        2.6438,
        2.5,
        4.5956
    ],
    "existing_objects": [
        1.0,
        0.0,
        0.0,
        0.0,
        0.0,
        0.0,
        0.0,
        0.0,
        1.0,
        0.0,
        0.0,
        0.0,
        0.0,
        1.0,
        0.0,
        0.0
    ]
}