{
    "id": "SecondBedroom-18111",
    "valid_objects": [
        {
            "jid": "eb8ce439-cb02-4f7d-984b-9393cbe0822e",
            "category_id": "2dd2368f-a3eb-43c2-8a6b-d585cd19d9a6",
            "size": {
                "xLen": 316.20001220703125,
                "yLen": 71.00039672851562,
                "zLen": 238.90199279785156
            },
            "scale": [
                1.0,
                1.0,
                1.0
            ],
            "pos": [
                -0.30300006781683997,
                0.0,
                1.7656133151584203
            ],
            "rot": [
                0.0,
                0.0,
                0.0,
                1.0
            ],
            "category": "Wardrobe",
            "floor": [
                [
                    -1.3401,
                    5.016
                ],
                [
                    1.362,
                    5.016
                ],
                [
                    1.362,
                    1.4045
                ],
                [
                    -1.3401,
                    1.4045
                ],
                [
                    -1.3401,
                    5.016
                ]
            ],
            "unormalized_bbox": [
                [
                    -1.884000128851996,
                    0.0,
                    0.5711033511691626
                ],
                [
                    1.2779999932183164,
                    0.3550019836425781,
                    2.960123279147678
                ]
            ],
            "new_bbox": [
                [
                    -0.2012879348847178,
                    0.0,
                    -0.23076191300867716
                ],
                [
                    0.9689130651042953,
                    0.14200079345703126,
                    0.4307415974380944
                ]
            ],
            "type": "wardrobe",
            "rotation": 0.0
        },
        {
            "jid": "56b1b9fd-78a1-40d7-b20b-97b5c70f289e",
            "category_id": "41ac92b5-5f88-46d0-a59a-e1ed31739154",
            "size": {
                "xLen": 195.25599670410156,
                "yLen": 239.26499938964844,
                "zLen": 104.81900024414062
            },
            "scale": [
                1.0,
                1.0,
                1.0
            ],
            "pos": [
                0.1494153784578,
                0.0,
                3.4208
            ],
            "rot": [
                0.0,
                -0.70711,
                0.0,
                0.70711
            ],
            "category": "Single bed",
            "floor": [
                [
                    -1.3401,
                    5.016
                ],
                [
                    1.362,
                    5.016
                ],
                [
                    1.362,
                    1.4045
                ],
                [
                    -1.3401,
                    1.4045
                ],
                [
                    -1.3401,
                    5.016
                ]
            ],
            "unormalized_bbox": [
                [
                    -0.8268646050627078,
                    0.0,
                    2.8967049987792968
                ],
                [
                    1.1256953619783079,
                    1.1963249969482421,
                    3.944895001220703
                ]
            ],
            "new_bbox": [
                [
                    0.18993945262473347,
                    0.0,
                    0.4131815031923845
                ],
                [
                    0.9125477820873793,
                    0.47852999877929686,
                    0.7034182476036834
                ]
            ],
            "type": "bed",
            "rotation": 18.0
        },
        {
            "jid": "cd150ee7-5b6e-478a-a3be-057ca7a3180f",
            "category_id": "89404b8a-5bb6-42cf-95fa-73c9bfba4c97",
            "size": {
                "xLen": 30.93429946899414,
                "yLen": 23.207799911499023,
                "zLen": 49.98899841308594
            },
            "scale": [
                1.0,
                1.0,
                1.0
            ],
            "pos": [
                1.1469791265349483,
                0.0,
                2.3054299907593636
            ],
            "rot": [
                0.0,
                -0.70711,
                0.0,
                0.70711
            ],
            "category": "Nightstand",
            "floor": [
                [
                    -1.3401,
                    5.016
                ],
                [
                    1.362,
                    5.016
                ],
                [
                    1.362,
                    1.4045
                ],
                [
                    -1.3401,
                    1.4045
                ],
                [
                    -1.3401,
                    5.016
                ]
            ],
            "unormalized_bbox": [
                [
                    0.9923076291899775,
                    0.0,
                    2.055484998693934
                ],
                [
                    1.301650623879919,
                    0.11603899955749512,
                    2.555374982824793
                ]
            ],
            "new_bbox": [
                [
                    0.8631833126790189,
                    0.0,
                    0.18025335696910813
                ],
                [
                    0.9776657502978865,
                    0.04641559982299805,
                    0.3186695231412967
                ]
            ],
            "type": "nightstand",
            "rotation": 18.0
        },
        {
            "jid": "cd150ee7-5b6e-478a-a3be-057ca7a3180f",
            "category_id": "89404b8a-5bb6-42cf-95fa-73c9bfba4c97",
            "size": {
                "xLen": 30.93429946899414,
                "yLen": 23.207799911499023,
                "zLen": 49.98899841308594
            },
            "scale": [
                1.0,
                1.0,
                1.0
            ],
            "pos": [
                1.1469791265349483,
                0.0,
                4.539270009240636
            ],
            "rot": [
                0.0,
                -0.70711,
                0.0,
                0.70711
            ],
            "category": "Nightstand",
            "floor": [
                [
                    -1.3401,
                    5.016
                ],
                [
                    1.362,
                    5.016
                ],
                [
                    1.362,
                    1.4045
                ],
                [
                    -1.3401,
                    1.4045
                ],
                [
                    -1.3401,
                    5.016
                ]
            ],
            "unormalized_bbox": [
                [
                    0.9923076291899775,
                    0.0,
                    4.289325017175206
                ],
                [
                    1.301650623879919,
                    0.11603899955749512,
                    4.789215001306066
                ]
            ],
            "new_bbox": [
                [
                    0.8631833126790189,
                    0.0,
                    0.7987885967534836
                ],
                [
                    0.9776657502978865,
                    0.04641559982299805,
                    0.9372047629256725
                ]
            ],
            "type": "nightstand",
            "rotation": 18.0
        },
        {
            "jid": "6aa24c17-8976-44be-b3ec-e66c430512f0",
            "category_id": "e7a0801e-7abd-4634-b3bc-8777342d124e",