{
    "id": "Bedroom-46678",
    "valid_objects": [
        {
            "jid": "a2e681fa-e610-4f99-ae95-415d06220c8b",
            "category_id": "41ac92b5-5f88-46d0-a59a-e1ed31739154",
            "size": {
                "xLen": 234.55099487304688,
                "yLen": 282.6570129394531,
                "zLen": 130.78500366210938
            },
            "scale": [
                1.0,
                1.0,
                1.0
            ],
            "pos": [
                0.32116295936188977,
                0.0,
                2.2510973530540057
            ],
            "rot": [
                0.0,
                -0.70711,
                0.0,
                0.70711
            ],
            "category": "King-size Bed",
            "floor": [
                [
                    -0.0618,
                    3.5116
                ],
                [
                    1.8723,
                    3.5116
                ],
                [
                    1.8723,
                    -0.3558
                ],
                [
                    -0.0618,
                    -0.3558
                ],
                [
                    -0.0618,
                    3.5116
                ]
            ],
            "unormalized_bbox": [
                [
                    -0.8515920150033446,
                    0.0,
                    1.5971723347434588
                ],
                [
                    1.4939179337271242,
                    1.4132850646972657,
                    2.9050223713645527
                ]
            ],
            "new_bbox": [
                [
                    -0.4083511788446019,
                    0.0,
                    0.5049832793979052
                ],
                [
                    0.8043627184360292,
                    0.5653140258789062,
                    0.8431562215867385
                ]
            ],
            "type": "bed",
            "rotation": 18.0
        },
        {
            "jid": "29887be5-7b0e-4a29-98bd-b5fee65ad1b6",
            "category_id": "1462419b-2462-4632-aaaa-246285c9c07f",
            "size": {
                "xLen": 96.25389862060547,
                "yLen": 49.243900299072266,
                "zLen": 114.55799865722656
            },
            "scale": [
                1.0,
                1.0,
                1.0
            ],
            "pos": [
                1.3769898463255874,
                0.0,
                0.9018810148862271
            ],
            "rot": [
                0.0,
                0.99999,
                0.0,
                0.00413
            ],
            "category": "Drawer Chest / Corner cabinet",
            "floor": [
                [
                    -0.0618,
                    3.5116
                ],
                [
                    1.8723,
                    3.5116
                ],
                [
                    1.8723,
                    -0.3558
                ],
                [
                    -0.0618,
                    -0.3558
                ],
                [
                    -0.0618,
                    3.5116
                ]
            ],
            "unormalized_bbox": [
                [
                    0.89572035322256,
                    0.0,
                    0.3290910216000943
                ],
                [
                    1.8582593394286149,
                    0.24621950149536131,
                    1.47467100817236
                ]
            ],
            "new_bbox": [
                [
                    0.4950728262357479,
                    0.0,
                    0.1770934016652258
                ],
                [
                    0.992740468139504,
                    0.09848780059814452,
                    0.47330790923420385
                ]
            ],
            "type": "cabinet",
            "rotation": 0.0
        },
        {
            "jid": "64baf4f3-af6a-43ad-a2d9-2c6734d32bb2",
            "category_id": "e7a0801e-7abd-4634-b3bc-8777342d124e",
            "size": {
                "xLen": 62.01089859008789,
                "yLen": 31.90850067138672,
                "zLen": 66.1780014038086
            },
            "scale": [
                1.0,
                1.0,
                1.0
            ],
            "pos": [
                0.7137099999999998,
                1.9383399853515626,
                2.19176
            ],
            "rot": [
                0.0,
                0.0,
                0.0,
                1.0
            ],
            "category": "Pendant Lamp",
            "floor": [
                [
                    -0.0618,
                    3.5116
                ],
                [
                    1.8723,
                    3.5116
                ],
                [
                    1.8723,
                    -0.3558
                ],
                [
                    -0.0618,
                    -0.3558
                ],
                [
                    -0.0618,
                    3.5116
                ]
            ],
            "unormalized_bbox": [
                [
                    0.4036555070495604,
                    1.9383399853515626,
                    1.860869992980957
                ],
                [
                    1.0237644929504393,
                    2.097882488708496,
                    2.5226500070190427
                ]
            ],
            "new_bbox": [
                [
                    0.24065741536092258,
                    0.775335994140625,
                    0.5731680180433772
                ],
                [
                    0.5612763005793078,
                    0.8391529954833985,
                    0.744285568345411
                ]
            ],
            "type": "lamp",
            "rotation": 0.0
        }
    ],
    "bbox": [
        1.9341000000000002,
        2.5,
        3.8674
    ],
    "existing_objects": [
        0.0,
        0.0,
        0.0,
        0.0,
        0.0,
        1.0,
        0.0,
        0.0,
        0.0,
        0.0,
        0.0,
        0.0,
        0.0,
        0.0,
        0.0,
        0.0
    ]
}