{
    "id": "MasterBedroom-86895",
    "valid_objects": [
        {
            "jid": "31f491b6-6968-4c6c-ac5c-306ba8a821ea",
            "category_id": "e7a0801e-7abd-4634-b3bc-8777342d124e",
            "size": {
                "xLen": 88.75420379638672,
                "yLen": 87.95770263671875,
                "zLen": 83.74500274658203
            },
            "scale": [
                1.0,
                1.0,
                1.0
            ],
            "pos": [
                -4.01538,
                2.0125519610595703,
                3.50321
            ],
            "rot": [
                0.0,
                0.0,
                0.0,
                1.0
            ],
            "category": "Pendant Lamp",
            "floor": [
                [
                    -6.07795,
                    5.94928
                ],
                [
                    -2.3386,
                    5.94928
                ],
                [
                    -2.3386,
                    1.8714
                ],
                [
                    -6.07795,
                    1.8714
                ],
                [
                    -6.07795,
                    5.94928
                ]
            ],
            "unormalized_bbox": [
                [
                    -4.459151018981934,
                    2.0125519610595703,
                    3.08448498626709
                ],
                [
                    -3.5716089810180667,
                    2.4523404742431643,
                    3.9219350137329103
                ]
            ],
            "new_bbox": [
                [
                    0.4329091903721413,
                    0.8050207844238282,
                    0.2974793241260385
                ],
                [
                    0.6702611467185295,
                    0.9809361896972657,
                    0.5028433925797008
                ]
            ],
            "type": "lamp",
            "rotation": 0.0
        },
        {
            "jid": "4048fcf9-1937-4a23-af7d-6982626ec2f1",
            "category_id": "41ac92b5-5f88-46d0-a59a-e1ed31739154",
            "size": {
                "xLen": 184.09100341796875,
                "yLen": 247.44400024414062,
                "zLen": 123.86499786376953
            },
            "scale": [
                1.0,
                1.0,
                1.0
            ],
            "pos": [
                -4.133919225614179,
                0.0,
                4.6969623828347284
            ],
            "rot": [
                0.0,
                1.0,
                0.0,
                0.0
            ],
            "category": "King-size Bed",
            "floor": [
                [
                    -6.07795,
                    5.94928
                ],
                [
                    -2.3386,
                    5.94928
                ],
                [
                    -2.3386,
                    1.8714
                ],
                [
                    -6.07795,
                    1.8714
                ],
                [
                    -6.07795,
                    5.94928
                ]
            ],
            "unormalized_bbox": [
                [
                    -5.054374242704022,
                    0.0,
                    4.0776373935158805
                ],
                [
                    -3.213464208524335,
                    1.237220001220703,
                    5.316287372153576
                ]
            ],
            "new_bbox": [
                [
                    0.2737309311233177,
                    0.0,
                    0.5410255803299461
                ],
                [
                    0.766038426859124,
                    0.49488800048828124,
                    0.8447740914773304
                ]
            ],
            "type": "bed",
            "rotation": 0.0
        },
        {
            "jid": "f409f4f8-68c8-4a25-bcc7-d631f22066b2",
            "category_id": "89404b8a-5bb6-42cf-95fa-73c9bfba4c97",
            "size": {
                "xLen": 80.27259826660156,
                "yLen": 40.8130989074707,
                "zLen": 46.82229995727539
            },
            "scale": [
                1.0,
                1.0,
                1.0
            ],
            "pos": [
                -2.74110299453904,
                0.0,
                5.7105262034282
            ],
            "rot": [
                0.0,
                1.0,
                0.0,
                0.0
            ],
            "category": "Nightstand",
            "floor": [
                [
                    -6.07795,
                    5.94928
                ],
                [
                    -2.3386,
                    5.94928
                ],
                [
                    -2.3386,
                    1.8714
                ],
                [
                    -6.07795,
                    1.8714
                ],
                [
                    -6.07795,
                    5.94928
                ]
            ],
            "unormalized_bbox": [
                [
                    -3.142465985872048,
                    0.0,
                    5.476414703641823
                ],
                [
                    -2.3397400032060323,
                    0.2040654945373535,
                    5.944637703214577
                ]
            ],
            "new_bbox": [
                [
                    0.7850252086934767,
                    0.0,
                    0.8840413900462551
                ],
                [
                    0.9996951333236974,
                    0.0816261978149414,
                    0.9988615906340002
                ]
            ],
            "type": "nightstand",
            "rotation": 0.0
        },
        {
            "jid": "f409f4f8-68c8-4a25-bcc7-d631f22066b2",
            "category_id": "89404b8a-5bb6-42cf-95fa-73c9bfba4c97",
            "size": {
                "xLen": 80.27259826660156,
                "yLen": 40.8130989074707,
                "zLen": 46.82229995727539
            },
            "scale": [
                1.0,
                1.0,
                1.0
            ],
            "pos": [
                -5.631619528632891,
                0.0,
                5.710495070985961
            ],
            "rot": [
                0.0,
                1.0,
                0.0,
                0.0
            ],
            "category": "Nightstand",
            "floor": [
                [
                    -6.07795,
                    5.94928
                ],
                [
                    -2.3386,
                    5.94928
                ],
                [
                    -2.3386,
                    1.8714
                ],
                [
                    -6.07795,
                    1.8714
                ],
                [
                    -6.07795,
                    5.94928
                ]
            ],
            "unormalized_bbox": [
                [
                    -6.032982519965898,
                    0.0,
                    5.476383571199584
                ],
                [
                    -5.2302565372998835,
                    0.2040654945373535,
                    5.944606570772338
                ]
            ],
            "new_bbox": [
                [
                    0.012025480373354193,
                    0.0,
                    0.8840337555787771
                ],
                [
                    0.22669540500357463,
                    0.0816261978149414,
                    0.9988539561665224
                ]
            ],
            "type": "nightstand",
            "rotation": 0.0
        },
        {
            "jid": "2982979b-1bb0-4816-a735-0048832e5225",
            "category_id": "a1804c08-fbdc-4696-9c38-3d3b143c1b02",