{
    "id": "SecondBedroom-7140",
    "valid_objects": [
        {
            "jid": "5159ffde-a7c7-4d2c-8b07-8c4d088487ee",
            "category_id": "41ac92b5-5f88-46d0-a59a-e1ed31739154",
            "size": {
                "xLen": 212.93299865722656,
                "yLen": 233.55599975585938,
                "zLen": 94.9092025756836
            },
            "scale": [
                1.0,
                1.0,
                1.0
            ],
            "pos": [
                2.9297051413658757,
                0.0,
                1.5329963669115447
            ],
            "rot": [
                0.0,
                0.70711,
                0.0,
                0.70711
            ],
            "category": "King-size Bed",
            "floor": [
                [
                    1.75426,
                    3.19312
                ],
                [
                    4.45427,
                    3.19312
                ],
                [
                    4.45427,
                    -0.65788
                ],
                [
                    1.75426,
                    -0.65788
                ],
                [
                    1.75426,
                    3.19312
                ]
            ],
            "unormalized_bbox": [
                [
                    1.865040148079743,
                    0.0,
                    1.0584503540331267
                ],
                [
                    3.9943701346520086,
                    1.167779998779297,
                    2.0075423797899625
                ]
            ],
            "new_bbox": [
                [
                    0.04102953251274736,
                    0.0,
                    0.44568432979307365
                ],
                [
                    0.8296673473994572,
                    0.4671119995117188,
                    0.6921377252116236
                ]
            ],
            "type": "bed",
            "rotation": 6.0
        },
        {
            "jid": "af8f84de-bb38-49e0-9e39-ffd0511dd65b",
            "category_id": "89404b8a-5bb6-42cf-95fa-73c9bfba4c97",
            "size": {
                "xLen": 51.1421012878418,
                "yLen": 43.987098693847656,
                "zLen": 64.93720245361328
            },
            "scale": [
                1.0,
                1.0,
                1.0
            ],
            "pos": [
                1.9104614937833237,
                0.0,
                0.1855216324632606
            ],
            "rot": [
                0.0,
                0.70711,
                0.0,
                0.70711
            ],
            "category": "Nightstand",
            "floor": [
                [
                    1.75426,
                    3.19312
                ],
                [
                    4.45427,
                    3.19312
                ],
                [
                    4.45427,
                    -0.65788
                ],
                [
                    1.75426,
                    -0.65788
                ],
                [
                    1.75426,
                    3.19312
                ]
            ],
            "unormalized_bbox": [
                [
                    1.6547509873441149,
                    0.0,
                    -0.13916437980480584
                ],
                [
                    2.1661720002225326,
                    0.21993549346923827,
                    0.5102076447313271
                ]
            ],
            "new_bbox": [
                [
                    -0.03685505337235235,
                    0.0,
                    0.13469634385749005
                ],
                [
                    0.15255943504747488,
                    0.08797419738769531,
                    0.30332060366952146
                ]
            ],
            "type": "nightstand",
            "rotation": 6.0
        },
        {
            "jid": "af8f84de-bb38-49e0-9e39-ffd0511dd65b",
            "category_id": "89404b8a-5bb6-42cf-95fa-73c9bfba4c97",
            "size": {
                "xLen": 51.1421012878418,
                "yLen": 43.987098693847656,
                "zLen": 64.93720245361328
            },
            "scale": [
                1.0,
                1.0,
                1.0
            ],
            "pos": [
                1.9821779318742168,
                0.0,
                2.760596492340193
            ],
            "rot": [
                0.0,
                0.70711,
                0.0,
                0.70711
            ],
            "category": "Nightstand",
            "floor": [
                [
                    1.75426,
                    3.19312
                ],
                [
                    4.45427,
                    3.19312
                ],
                [
                    4.45427,
                    -0.65788
                ],
                [
                    1.75426,
                    -0.65788
                ],
                [
                    1.75426,
                    3.19312
                ]
            ],
            "unormalized_bbox": [
                [
                    1.7264674254350076,
                    0.0,
                    2.4359104800721267
                ],
                [
                    2.237888438313426,
                    0.21993549346923827,
                    3.0852825046082595
                ]
            ],
            "new_bbox": [
                [
                    -0.010293508011078584,
                    0.0,
                    0.8033732744928919
                ],
                [
                    0.17912098040874883,
                    0.08797419738769531,
                    0.9719975343049233
                ]
            ],
            "type": "nightstand",
            "rotation": 6.0
        },
        {
            "jid": "9f60056d-5e15-454d-8668-a5d670a16bde",
            "category_id": "2dd2368f-a3eb-43c2-8a6b-d585cd19d9a6",
            "size": {
                "xLen": 318.0,
                "yLen": 35.0,
                "zLen": 240.39999389648438
            },
            "scale": [
                1.0,
                1.0,
                1.0
            ],
            "pos": [
                3.4285622222222223,
                0.0,
                -0.3528700000000001
            ],
            "rot": [
                0.0,
                0.0,
                0.0,
                1.0
            ],
            "category": "Wardrobe",
            "floor": [
                [
                    1.75426,
                    3.19312
                ],
                [
                    4.45427,
                    3.19312
                ],
                [
                    4.45427,
                    -0.65788
                ],
                [
                    1.75426,
                    -0.65788
                ],
                [
                    1.75426,
                    3.19312
                ]
            ],
            "unormalized_bbox": [
                [
                    1.8385622222222222,
                    0.0,
                    -1.554869969482422
                ],
                [
                    5.018562222222222,
                    0.175,
                    0.8491299694824219
                ]
            ],
            "new_bbox": [
                [
                    0.031222929627009628,
                    0.0,
                    -0.2329239079414235
                ],
                [
                    1.2089963452810255,
                    0.06999999999999999,
                    0.3913295168741683
                ]
            ],
            "type": "wardrobe",
            "rotation": 0.0
        }
    ],
    "bbox": [
        2.7000100000000002,
        2.5,
        3.851
    ],