{
    "id": "MasterBedroom-42",
    "valid_objects": [
        {
            "jid": "f350c1ba-8040-4750-9e6e-f45cfbf916a4",
            "category_id": "41ac92b5-5f88-46d0-a59a-e1ed31739154",
            "size": {
                "xLen": 202.19900512695312,
                "yLen": 194.3070068359375,
                "zLen": 64.49649810791016
            },
            "scale": [
                0.890528703038808,
                1.0,
                1.0292987562595688
            ],
            "pos": [
                -2.77331,
                0.0,
                2.4806
            ],
            "rot": [
                0.0,
                0.70711,
                0.0,
                0.70711
            ],
            "category": "King-size Bed",
            "floor": [
                [
                    -3.97866,
                    4.3182
                ],
                [
                    -0.8386,
                    4.3182
                ],
                [
                    -0.8386,
                    0.67607
                ],
                [
                    -3.97866,
                    0.67607
                ],
                [
                    -3.97866,
                    4.3182
                ]
            ],
            "unormalized_bbox": [
                [
                    -3.7843050256347657,
                    0.0,
                    2.1581175094604492
                ],
                [
                    -1.7623149743652342,
                    0.9715350341796875,
                    2.8030824905395506
                ]
            ],
            "new_bbox": [
                [
                    0.06189530593849621,
                    0.0,
                    0.4069177952078727
                ],
                [
                    0.7058288776758297,
                    0.388614013671875,
                    0.5840023531668422
                ]
            ],
            "type": "bed",
            "rotation": 6.0
        },
        {
            "jid": "03db2587-8f45-4154-9736-557f6256ae1c",
            "category_id": "2dd2368f-a3eb-43c2-8a6b-d585cd19d9a6",
            "size": {
                "xLen": 102.0459976196289,
                "yLen": 68.45989990234375,
                "zLen": 209.30099487304688
            },
            "scale": [
                0.9603512365599074,
                1.0,
                0.8033900148620735
            ],
            "pos": [
                -1.65641,
                0.0,
                4.0432
            ],
            "rot": [
                0.0,
                -1.0,
                0.0,
                0.0
            ],
            "category": "Wardrobe",
            "floor": [
                [
                    -3.97866,
                    4.3182
                ],
                [
                    -0.8386,
                    4.3182
                ],
                [
                    -0.8386,
                    0.67607
                ],
                [
                    -3.97866,
                    0.67607
                ],
                [
                    -3.97866,
                    4.3182
                ]
            ],
            "unormalized_bbox": [
                [
                    -2.1666399880981446,
                    0.0,
                    2.9966950256347653
                ],
                [
                    -1.1461800119018553,
                    0.34229949951171873,
                    5.089704974365234
                ]
            ],
            "new_bbox": [
                [
                    0.5770654101838358,
                    0.0,
                    0.6371615031958676
                ],
                [
                    0.9020464539206718,
                    0.1369197998046875,
                    1.2118279617600782
                ]
            ],
            "type": "wardrobe",
            "rotation": 0.0
        },
        {
            "jid": "bfc1cd6d-3638-4cd2-9506-61fa2a144a91",
            "category_id": "89404b8a-5bb6-42cf-95fa-73c9bfba4c97",
            "size": {
                "xLen": 53.47669982910156,
                "yLen": 36.14540100097656,
                "zLen": 69.14430236816406
            },
            "scale": [
                0.8209183002349166,
                1.0,
                1.5492980697181091
            ],
            "pos": [
                -3.5538099999999995,
                0.0,
                1.3006
            ],
            "rot": [
                0.0,
                0.0,
                0.0,
                1.0
            ],
            "category": "Nightstand",
            "floor": [
                [
                    -3.97866,
                    4.3182
                ],
                [
                    -0.8386,
                    4.3182
                ],
                [
                    -0.8386,
                    0.67607
                ],
                [
                    -3.97866,
                    0.67607
                ],
                [
                    -3.97866,
                    4.3182
                ]
            ],
            "unormalized_bbox": [
                [
                    -3.821193499145507,
                    0.0,
                    0.9548784881591796
                ],
                [
                    -3.2864265008544917,
                    0.1807270050048828,
                    1.6463215118408203
                ]
            ],
            "new_bbox": [
                [
                    0.0501476089165471,
                    0.0,
                    0.07655094358498453
                ],
                [
                    0.22045231592565376,
                    0.07229080200195312,
                    0.2663967271461536
                ]
            ],
            "type": "nightstand",
            "rotation": 0.0
        },
        {
            "jid": "41dce00c-6a26-4480-a569-4ab8e6e74d67",
            "category_id": "e7a0801e-7abd-4634-b3bc-8777342d124e",
            "size": {
                "xLen": 77.5020980834961,
                "yLen": 24.996200561523438,
                "zLen": 104.76399993896484
            },
            "scale": [
                1.0588435824501112,
                1.0,
                3.22818653469674
            ],
            "pos": [
                -2.31792,
                1.8,
                2.39409
            ],
            "rot": [
                0.0,
                0.0,
                0.0,
                1.0
            ],
            "category": "Pendant Lamp",
            "floor": [
                [
                    -3.97866,
                    4.3182
                ],
                [
                    -0.8386,
                    4.3182
                ],
                [
                    -0.8386,
                    0.67607
                ],
                [
                    -3.97866,
                    0.67607
                ],
                [
                    -3.97866,
                    4.3182
                ]
            ],
            "unormalized_bbox": [
                [
                    -2.7054304904174806,
                    1.8,
                    1.8702700003051755
                ],
                [
                    -1.9304095095825196,
                    1.9249810028076173,
                    2.917909999694824
                ]
            ],
            "new_bbox": [
                [
                    0.4054793569493957,
                    0.72,
                    0.32788505635580706
                ],
                [
                    0.6522966091149469,
                    0.7699924011230469,
                    0.6155299233401401
                ]
            ],
            "type": "lamp",
            "rotation": 0.0
        },
        {
            "jid": "c1a085ef-ff8f-45c2-b19e-1b472056a59c",