{
    "id": "SecondBedroom-19247",
    "valid_objects": [
        {
            "jid": "57f7e7c0-8ca3-4eee-b127-5a44c76a9a61",
            "category_id": "2dd2368f-a3eb-43c2-8a6b-d585cd19d9a6",
            "size": {
                "xLen": 205.85400390625,
                "yLen": 64.98870086669922,
                "zLen": 239.0780029296875
            },
            "scale": [
                1.0479319758105643,
                1.0,
                0.8463498156359108
            ],
            "pos": [
                -0.042099999999999554,
                0.0,
                0.8719
            ],
            "rot": [
                0.0,
                0.0,
                0.0,
                1.0
            ],
            "category": "Wardrobe",
            "floor": [
                [
                    -2.2467,
                    5.4478
                ],
                [
                    1.0616,
                    5.4478
                ],
                [
                    1.0616,
                    0.5746
                ],
                [
                    -2.2467,
                    0.5746
                ],
                [
                    -2.2467,
                    5.4478
                ]
            ],
            "unormalized_bbox": [
                [
                    -1.0713700195312497,
                    0.0,
                    -0.3234900146484375
                ],
                [
                    0.9871700195312505,
                    0.3249435043334961,
                    2.0672900146484374
                ]
            ],
            "new_bbox": [
                [
                    0.3552670496837501,
                    0.0,
                    -0.18429163889198832
                ],
                [
                    0.9775020462265366,
                    0.12997740173339845,
                    0.30630592108849164
                ]
            ],
            "type": "wardrobe",
            "rotation": 0.0
        },
        {
            "jid": "6c185b06-6b95-45d0-bad2-fea9895e1e5a",
            "category_id": "41ac92b5-5f88-46d0-a59a-e1ed31739154",
            "size": {
                "xLen": 209.8560028076172,
                "yLen": 233.07899475097656,
                "zLen": 156.37899780273438
            },
            "scale": [
                0.8292517400157039,
                1.0,
                0.8208150833858973
            ],
            "pos": [
                -0.0455,
                0.0,
                3.2285
            ],
            "rot": [
                0.0,
                -0.70711,
                0.0,
                0.70711
            ],
            "category": "King-size Bed",
            "floor": [
                [
                    -2.2467,
                    5.4478
                ],
                [
                    1.0616,
                    5.4478
                ],
                [
                    1.0616,
                    0.5746
                ],
                [
                    -2.2467,
                    0.5746
                ],
                [
                    -2.2467,
                    5.4478
                ]
            ],
            "unormalized_bbox": [
                [
                    -1.0947800140380861,
                    0.0,
                    2.446605010986328
                ],
                [
                    1.003780014038086,
                    1.1653949737548828,
                    4.010394989013672
                ]
            ],
            "new_bbox": [
                [
                    0.34819090951906234,
                    0.0,
                    0.38414286526026603
                ],
                [
                    0.9825227500644095,
                    0.4661579895019531,
                    0.7050387812964113
                ]
            ],
            "type": "bed",
            "rotation": 18.0
        },
        {
            "jid": "62319141-32fa-4353-b2ff-ec31ca232e3e",
            "category_id": "89404b8a-5bb6-42cf-95fa-73c9bfba4c97",
            "size": {
                "xLen": 48.63740158081055,
                "yLen": 48.4921989440918,
                "zLen": 60.71770095825195
            },
            "scale": [
                1.3364200777050799,
                1.0,
                1.0311039881484643
            ],
            "pos": [
                0.7085000000000004,
                0.0,
                1.866
            ],
            "rot": [
                0.0,
                -0.70711,
                0.0,
                0.70711
            ],
            "category": "Nightstand",
            "floor": [
                [
                    -2.2467,
                    5.4478
                ],
                [
                    1.0616,
                    5.4478
                ],
                [
                    1.0616,
                    0.5746
                ],
                [
                    -2.2467,
                    0.5746
                ],
                [
                    -2.2467,
                    5.4478
                ]
            ],
            "unormalized_bbox": [
                [
                    0.4653129920959476,
                    0.0,
                    1.5624114952087402
                ],
                [
                    0.9516870079040531,
                    0.24246099472045898,
                    2.16958850479126
                ]
            ],
            "new_bbox": [
                [
                    0.8197602974627294,
                    0.0,
                    0.20270284314387677
                ],
                [
                    0.9667765945966367,
                    0.0969843978881836,
                    0.3272979776720143
                ]
            ],
            "type": "nightstand",
            "rotation": 18.0
        },
        {
            "jid": "62319141-32fa-4353-b2ff-ec31ca232e3e",
            "category_id": "89404b8a-5bb6-42cf-95fa-73c9bfba4c97",
            "size": {
                "xLen": 48.63740158081055,
                "yLen": 48.4921989440918,
                "zLen": 60.71770095825195
            },
            "scale": [
                1.3364200777050799,
                1.0,
                1.0311039881484643
            ],
            "pos": [
                0.7022999999999997,
                0.0,
                4.6035
            ],
            "rot": [
                0.0,
                -0.70711,
                0.0,
                0.70711
            ],
            "category": "Nightstand",
            "floor": [
                [
                    -2.2467,
                    5.4478
                ],
                [
                    1.0616,
                    5.4478
                ],
                [
                    1.0616,
                    0.5746
                ],
                [
                    -2.2467,
                    0.5746
                ],
                [
                    -2.2467,
                    5.4478
                ]
            ],
            "unormalized_bbox": [
                [
                    0.45911299209594697,
                    0.0,
                    4.2999114952087405
                ],
                [
                    0.9454870079040525,
                    0.24246099472045898,
                    4.90708850479126
                ]
            ],
            "new_bbox": [
                [
                    0.8178862231647513,
                    0.0,
                    0.7644487185440245
                ],
                [
                    0.9649025202986588,
                    0.0969843978881836,
                    0.889043853072162
                ]
            ],
            "type": "nightstand",
            "rotation": 18.0
        },
        {
            "jid": "c390f121-819e-4405-896a-1e60a357edcb",