{
    "id": "MasterBedroom-7257",
    "valid_objects": [
        {
            "jid": "76820ac7-7003-438b-b449-77dafe208332",
            "category_id": "41ac92b5-5f88-46d0-a59a-e1ed31739154",
            "size": {
                "xLen": 153.9759979248047,
                "yLen": 221.34500122070312,
                "zLen": 87.54660034179688
            },
            "scale": [
                1.0,
                1.0,
                1.0
            ],
            "pos": [
                1.680864774253795,
                0.0,
                -3.282272547170063
            ],
            "rot": [
                0.0,
                -0.70711,
                0.0,
                0.70711
            ],
            "category": "King-size Bed",
            "floor": [
                [
                    -0.33078,
                    -1.16403
                ],
                [
                    2.80598,
                    -1.16403
                ],
                [
                    2.80598,
                    -5.51047
                ],
                [
                    -0.33078,
                    -5.51047
                ],
                [
                    -0.33078,
                    -1.16403
                ]
            ],
            "unormalized_bbox": [
                [
                    0.9109847846297715,
                    0.0,
                    -3.720005548879047
                ],
                [
                    2.4507447638778186,
                    1.1067250061035157,
                    -2.8445395454610787
                ]
            ],
            "new_bbox": [
                [
                    0.39587497437794783,
                    0.0,
                    0.41193814963992437
                ],
                [
                    0.8867509034410725,
                    0.44269000244140627,
                    0.613359543566441
                ]
            ],
            "type": "bed",
            "rotation": 18.0
        },
        {
            "jid": "022895dd-19c5-46ee-8de6-f2ba11b68c57",
            "category_id": "89404b8a-5bb6-42cf-95fa-73c9bfba4c97",
            "size": {
                "xLen": 79.03250122070312,
                "yLen": 49.00709915161133,
                "zLen": 51.15250015258789
            },
            "scale": [
                1.0,
                1.0,
                1.0
            ],
            "pos": [
                2.628226614537116,
                0.0,
                -2.1504912829287908
            ],
            "rot": [
                0.0,
                -0.70711,
                0.0,
                0.70711
            ],
            "category": "Nightstand",
            "floor": [
                [
                    -0.33078,
                    -1.16403
                ],
                [
                    2.80598,
                    -1.16403
                ],
                [
                    2.80598,
                    -5.51047
                ],
                [
                    -0.33078,
                    -5.51047
                ],
                [
                    -0.33078,
                    -1.16403
                ]
            ],
            "unormalized_bbox": [
                [
                    2.2330641084336005,
                    0.0,
                    -2.40625378369173
                ],
                [
                    3.0233891206406316,
                    0.24503549575805664,
                    -1.8947287821658514
                ]
            ],
            "new_bbox": [
                [
                    0.8173542471957053,
                    0.0,
                    0.714197415887087
                ],
                [
                    1.0693100908710362,
                    0.09801419830322265,
                    0.8318856852583146
                ]
            ],
            "type": "nightstand",
            "rotation": 18.0
        },
        {
            "jid": "6ec8a921-13c3-4240-a817-efbf3a671ffd",
            "category_id": "469c4481-d969-416f-8796-988cc28ca9c3",
            "size": {
                "xLen": 125.81199645996094,
                "yLen": 52.379798889160156,
                "zLen": 191.55599975585938
            },
            "scale": [
                1.0,
                1.0,
                1.0
            ],
            "pos": [
                2.58351382142132,
                0.0,
                -4.63772690218276
            ],
            "rot": [
                0.0,
                -0.70711,
                0.0,
                0.70711
            ],
            "category": "Dressing Table",
            "floor": [
                [
                    -0.33078,
                    -1.16403
                ],
                [
                    2.80598,
                    -1.16403
                ],
                [
                    2.80598,
                    -5.51047
                ],
                [
                    -0.33078,
                    -5.51047
                ],
                [
                    -0.33078,
                    -1.16403
                ]
            ],
            "unormalized_bbox": [
                [
                    1.9544538391215152,
                    0.0,
                    -5.595506900962057
                ],
                [
                    3.212573803721124,
                    0.2618989944458008,
                    -3.6799469034034633
                ]
            ],
            "new_bbox": [
                [
                    0.7285332123342287,
                    0.0,
                    -0.019564724455429623
                ],
                [
                    1.1296222228417616,
                    0.10475959777832031,
                    0.4211545762961266
                ]
            ],
            "type": "table",
            "rotation": 18.0
        },
        {
            "jid": "b74eca44-dbd8-4f28-a11a-ff514f86996c",
            "category_id": "5f38bce6-8bd2-4d41-bdbc-e76cbc87d309",
            "size": {
                "xLen": 47.154300689697266,
                "yLen": 47.27159881591797,
                "zLen": 53.02259826660156
            },
            "scale": [
                1.0,
                1.0,
                1.0
            ],
            "pos": [
                1.907578990008974,
                0.0,
                -4.497319869470082
            ],
            "rot": [
                0.0,
                0.70711,
                0.0,
                0.70711
            ],
            "category": "Dressing Chair",
            "floor": [
                [
                    -0.33078,
                    -1.16403
                ],
                [
                    2.80598,
                    -1.16403
                ],
                [
                    2.80598,
                    -5.51047
                ],
                [
                    -0.33078,
                    -5.51047
                ],
                [
                    -0.33078,
                    -1.16403
                ]
            ],
            "unormalized_bbox": [
                [
                    1.6718074865604875,
                    0.0,
                    -4.76243286080309
                ],
                [
                    2.14335049345746,
                    0.23635799407958985,
                    -4.232206878137074
                ]
            ],
            "new_bbox": [
                [
                    0.6384254729595148,
                    0.0,
                    0.17210340858194526
                ],
                [
                    0.7887535206574491,
                    0.09454319763183594,
                    0.29409427528343335
                ]
            ],
            "type": "chair",
            "rotation": 6.0
        }
    ],