{
    "id": "Bedroom-33662",
    "valid_objects": [
        {
            "jid": "196b2b95-2b39-4fb1-8fd4-14b5a2ab5ff8",
            "category_id": "2dd2368f-a3eb-43c2-8a6b-d585cd19d9a6",
            "size": {
                "xLen": 220.0,
                "yLen": 63.41450119018555,
                "zLen": 240.0
            },
            "scale": [
                1.0,
                1.0,
                1.0
            ],
            "pos": [
                -3.6078520425055145,
                0.0,
                -2.391451422402043
            ],
            "rot": [
                0.0,
                0.0,
                0.0,
                1.0
            ],
            "category": "Wardrobe",
            "floor": [
                [
                    -4.7081,
                    2.2282
                ],
                [
                    -1.4038,
                    2.2282
                ],
                [
                    -1.4038,
                    -2.733
                ],
                [
                    -4.7081,
                    -2.733
                ],
                [
                    -4.7081,
                    2.2282
                ]
            ],
            "unormalized_bbox": [
                [
                    -4.707852042505515,
                    0.0,
                    -3.5914514224020433
                ],
                [
                    -2.5078520425055144,
                    0.31707250595092773,
                    -1.1914514224020432
                ]
            ],
            "new_bbox": [
                [
                    7.5040854185565e-05,
                    0.0,
                    -0.1730330207212052
                ],
                [
                    0.6658741511044656,
                    0.1268290023803711,
                    0.31072090977948014
                ]
            ],
            "type": "wardrobe",
            "rotation": 0.0
        },
        {
            "jid": "16153397-131d-499b-85f4-a0d28f199b75",
            "category_id": "41ac92b5-5f88-46d0-a59a-e1ed31739154",
            "size": {
                "xLen": 184.1840057373047,
                "yLen": 231.68600463867188,
                "zLen": 152.8820037841797
            },
            "scale": [
                1.0,
                1.0,
                1.0
            ],
            "pos": [
                -3.548111061041306,
                0.0,
                0.019184566236939104
            ],
            "rot": [
                0.0,
                0.70711,
                0.0,
                0.70711
            ],
            "category": "Drawer Chest / Corner cabinet",
            "floor": [
                [
                    -4.7081,
                    2.2282
                ],
                [
                    -1.4038,
                    2.2282
                ],
                [
                    -1.4038,
                    -2.733
                ],
                [
                    -4.7081,
                    -2.733
                ],
                [
                    -4.7081,
                    2.2282
                ]
            ],
            "unormalized_bbox": [
                [
                    -4.469031089727829,
                    0.0,
                    -0.7452254526839593
                ],
                [
                    -2.6271910323547822,
                    1.1584300231933593,
                    0.7835945851578375
                ]
            ],
            "new_bbox": [
                [
                    0.07235084897623431,
                    0.0,
                    0.40066406258889803
                ],
                [
                    0.6297578814409157,
                    0.46337200927734373,
                    0.7088193552281379
                ]
            ],
            "type": "cabinet",
            "rotation": 6.0
        },
        {
            "jid": "ee7ce223-8224-451a-96d5-ddbeeda0687b",
            "category_id": "89404b8a-5bb6-42cf-95fa-73c9bfba4c97",
            "size": {
                "xLen": 57.762001037597656,
                "yLen": 41.922698974609375,
                "zLen": 58.900001525878906
            },
            "scale": [
                1.0,
                1.0,
                1.0
            ],
            "pos": [
                -4.4584483653501055,
                0.0,
                -1.5006243699539712
            ],
            "rot": [
                0.0,
                0.70711,
                0.0,
                0.70711
            ],
            "category": "Nightstand",
            "floor": [
                [
                    -4.7081,
                    2.2282
                ],
                [
                    -1.4038,
                    2.2282
                ],
                [
                    -1.4038,
                    -2.733
                ],
                [
                    -4.7081,
                    -2.733
                ],
                [
                    -4.7081,
                    2.2282
                ]
            ],
            "unormalized_bbox": [
                [
                    -4.747258370538094,
                    0.0,
                    -1.7951243775833658
                ],
                [
                    -4.169638360162117,
                    0.20961349487304687,
                    -1.2061243623245765
                ]
            ],
            "new_bbox": [
                [
                    -0.011850731028688076,
                    0.0,
                    0.18904209111034312
                ],
                [
                    0.16295785486725872,
                    0.08384539794921875,
                    0.30776337129634435
                ]
            ],
            "type": "nightstand",
            "rotation": 6.0
        },
        {
            "jid": "ee7ce223-8224-451a-96d5-ddbeeda0687b",
            "category_id": "89404b8a-5bb6-42cf-95fa-73c9bfba4c97",
            "size": {
                "xLen": 57.762001037597656,
                "yLen": 41.922698974609375,
                "zLen": 58.900001525878906
            },
            "scale": [
                1.0,
                1.0,
                1.0
            ],
            "pos": [
                -4.448977783149607,
                0.0,
                1.520272696813479
            ],
            "rot": [
                0.0,
                0.70711,
                0.0,
                0.70711
            ],
            "category": "Nightstand",
            "floor": [
                [
                    -4.7081,
                    2.2282
                ],
                [
                    -1.4038,
                    2.2282
                ],
                [
                    -1.4038,
                    -2.733
                ],
                [
                    -4.7081,
                    -2.733
                ],
                [
                    -4.7081,
                    2.2282
                ]
            ],
            "unormalized_bbox": [
                [
                    -4.737787788337595,
                    0.0,
                    1.2257726891840846
                ],
                [
                    -4.160167777961618,
                    0.20961349487304687,
                    1.8147727044428734
                ]
            ],
            "new_bbox": [
                [
                    -0.008984592300213425,
                    0.0,
                    0.7979466034798204
                ],
                [
                    0.16582399359573335,
                    0.08384539794921875,
                    0.9166678836658216
                ]
            ],
            "type": "nightstand",
            "rotation": 6.0
        },
        {
            "jid": "a38c236b-5487-40c7-aedf-477f996c87c4",