{
    "id": "SecondBedroom-16170",
    "valid_objects": [
        {
            "jid": "e45091f7-8083-490d-97c7-15e20c9004bd",
            "category_id": "41ac92b5-5f88-46d0-a59a-e1ed31739154",
            "size": {
                "xLen": 201.7790069580078,
                "yLen": 211.93299865722656,
                "zLen": 81.26080322265625
            },
            "scale": [
                1.0,
                1.0,
                1.0
            ],
            "pos": [
                6.068982830576091,
                0.0,
                -0.8153522060957961
            ],
            "rot": [
                0.0,
                0.0,
                0.0,
                1.0
            ],
            "category": "King-size Bed",
            "floor": [
                [
                    3.58389,
                    0.92893
                ],
                [
                    4.18589,
                    0.92854
                ],
                [
                    4.78789,
                    0.92814
                ],
                [
                    5.38989,
                    0.92775
                ],
                [
                    5.99189,
                    0.92736
                ],
                [
                    7.19589,
                    0.92658
                ],
                [
                    7.79789,
                    0.92619
                ],
                [
                    7.95085,
                    0.92609
                ],
                [
                    7.95085,
                    -1.88398
                ],
                [
                    3.58389,
                    -1.88398
                ],
                [
                    3.58389,
                    0.92893
                ]
            ],
            "unormalized_bbox": [
                [
                    5.0600877957860515,
                    0.0,
                    -1.2216562222090772
                ],
                [
                    7.07787786536613,
                    1.0596649932861328,
                    -0.4090481899825148
                ]
            ],
            "new_bbox": [
                [
                    0.3380378560339576,
                    0.0,
                    0.23545857414240867
                ],
                [
                    0.8000961459152659,
                    0.4238659973144531,
                    0.5243437614489924
                ]
            ],
            "type": "bed",
            "rotation": 0.0
        },
        {
            "jid": "2a17cf5f-ec24-4ee6-87fa-a504712a45f6",
            "category_id": "150d721b-609a-436c-be47-bb2cf2bfb30c",
            "size": {
                "xLen": 81.61750030517578,
                "yLen": 79.5999984741211,
                "zLen": 79.68389892578125
            },
            "scale": [
                1.0,
                1.0,
                1.0
            ],
            "pos": [
                4.424778403408896,
                0.0,
                -1.0128904498830318
            ],
            "rot": [
                0.0,
                -0.63841,
                0.0,
                0.7697
            ],
            "category": "Lounge Chair / Cafe Chair / Office Chair",
            "floor": [
                [
                    3.58389,
                    0.92893
                ],
                [
                    4.18589,
                    0.92854
                ],
                [
                    4.78789,
                    0.92814
                ],
                [
                    5.38989,
                    0.92775
                ],
                [
                    5.99189,
                    0.92736
                ],
                [
                    7.19589,
                    0.92658
                ],
                [
                    7.79789,
                    0.92619
                ],
                [
                    7.95085,
                    0.92609
                ],
                [
                    7.95085,
                    -1.88398
                ],
                [
                    3.58389,
                    -1.88398
                ],
                [
                    3.58389,
                    0.92893
                ]
            ],
            "unormalized_bbox": [
                [
                    4.016690901883018,
                    0.0,
                    -1.4113099445119381
                ],
                [
                    4.832865904934775,
                    0.39799999237060546,
                    -0.6144709552541255
                ]
            ],
            "new_bbox": [
                [
                    0.09910805271470721,
                    0.0,
                    0.1680359682634929
                ],
                [
                    0.28600580379366314,
                    0.1591999969482422,
                    0.4513152019602029
                ]
            ],
            "type": "chair",
            "rotation": 18.0
        },
        {
            "jid": "6934dea0-1d66-49c4-82c6-4d54d41f9707",
            "category_id": "e7a0801e-7abd-4634-b3bc-8777342d124e",
            "size": {
                "xLen": 55.950199127197266,
                "yLen": 54.7046012878418,
                "zLen": 96.65489959716797
            },
            "scale": [
                1.0,
                1.0,
                1.0
            ],
            "pos": [
                6.086882707403556,
                1.8834560009765626,
                -0.5588742771511129
            ],
            "rot": [
                0.0,
                0.0,
                0.0,
                1.0
            ],
            "category": "Pendant Lamp",
            "floor": [
                [
                    3.58389,
                    0.92893
                ],
                [
                    4.18589,
                    0.92854
                ],
                [
                    4.78789,
                    0.92814
                ],
                [
                    5.38989,
                    0.92775
                ],
                [
                    5.99189,
                    0.92736
                ],
                [
                    7.19589,
                    0.92658
                ],
                [
                    7.79789,
                    0.92619
                ],
                [
                    7.95085,
                    0.92609
                ],
                [
                    7.95085,
                    -1.88398
                ],
                [
                    3.58389,
                    -1.88398
                ],
                [
                    3.58389,
                    0.92893
                ]
            ],
            "unormalized_bbox": [
                [
                    5.80713171176757,
                    1.8834560009765626,
                    -1.0421487751369527
                ],
                [
                    6.366633703039542,
                    2.1569790074157718,
                    -0.0755997791652731
                ]
            ],
            "new_bbox": [
                [
                    0.5091051238773816,
                    0.7533824003906251,
                    0.29927414132092645
                ],
                [
                    0.6372267442430299,
                    0.8627916029663087,
                    0.6428859155944295
                ]
            ],
            "type": "lamp",
            "rotation": 0.0
        }
    ],
    "bbox": [
        4.366960000000001,
        2.5,
        2.81291
    ],
    "existing_objects": [
        0.0,
        0.0,
        0.0,
        0.0,
        0.0,
        0.0,
        0.0,
        0.0,
        1.0,
        0.0,
        0.0,
        0.0,
        0.0,
        0.0,
        0.0,
        0.0
    ]
}