{
    "id": "Bedroom-353",
    "valid_objects": [
        {
            "jid": "05940431-6b68-4a02-8d56-f4aa23e5d98b",
            "category_id": "2dd2368f-a3eb-43c2-8a6b-d585cd19d9a6",
            "size": {
                "xLen": 90.7249984741211,
                "yLen": 35.68009948730469,
                "zLen": 199.0540008544922
            },
            "scale": [
                1.0,
                1.0,
                1.0
            ],
            "pos": [
                2.1658410522135405,
                0.0,
                -0.9968510709188965
            ],
            "rot": [
                0.0,
                0.0,
                0.0,
                1.0
            ],
            "category": "Wardrobe",
            "floor": [
                [
                    0.4235,
                    2.5495
                ],
                [
                    3.0759,
                    2.5495
                ],
                [
                    3.0759,
                    -1.3481
                ],
                [
                    0.4235,
                    -1.3481
                ],
                [
                    0.4235,
                    2.5495
                ]
            ],
            "unormalized_bbox": [
                [
                    1.712216059842935,
                    0.0,
                    -1.9921210751913574
                ],
                [
                    2.6194660445841462,
                    0.17840049743652345,
                    -0.001581066646435536
                ]
            ],
            "new_bbox": [
                [
                    0.4858679157905802,
                    0.0,
                    -0.16523529228021278
                ],
                [
                    0.8279166206394761,
                    0.07136019897460938,
                    0.3454738642635377
                ]
            ],
            "type": "wardrobe",
            "rotation": 0.0
        },
        {
            "jid": "ad019f8c-2c85-48ae-90b8-4287ec72e9df",
            "category_id": "41ac92b5-5f88-46d0-a59a-e1ed31739154",
            "size": {
                "xLen": 170.91200256347656,
                "yLen": 188.44400024414062,
                "zLen": 88.55819702148438
            },
            "scale": [
                1.0,
                1.0,
                1.0
            ],
            "pos": [
                2.1300154584727964,
                0.0,
                0.8073139056680231
            ],
            "rot": [
                0.0,
                -0.70711,
                0.0,
                0.70711
            ],
            "category": "King-size Bed",
            "floor": [
                [
                    0.4235,
                    2.5495
                ],
                [
                    3.0759,
                    2.5495
                ],
                [
                    3.0759,
                    -1.3481
                ],
                [
                    0.4235,
                    -1.3481
                ],
                [
                    0.4235,
                    2.5495
                ]
            ],
            "unormalized_bbox": [
                [
                    1.2754554456554135,
                    0.0,
                    0.3645229205606012
                ],
                [
                    2.9845754712901793,
                    0.9422200012207032,
                    1.2501048907754448
                ]
            ],
            "new_bbox": [
                [
                    0.321201721329895,
                    0.0,
                    0.43940448495499823
                ],
                [
                    0.9655690963995548,
                    0.37688800048828125,
                    0.6666166078549479
                ]
            ],
            "type": "bed",
            "rotation": 18.0
        },
        {
            "jid": "88bab778-aa61-4ae3-9fac-b7ff21d7a626",
            "category_id": "e7a0801e-7abd-4634-b3bc-8777342d124e",
            "size": {
                "xLen": 44.84189987182617,
                "yLen": 44.85710144042969,
                "zLen": 104.447998046875
            },
            "scale": [
                1.0,
                1.0,
                1.0
            ],
            "pos": [
                1.6734,
                1.5692690490722654,
                0.773
            ],
            "rot": [
                0.0,
                0.0,
                0.0,
                1.0
            ],
            "category": "Pendant Lamp",
            "floor": [
                [
                    0.4235,
                    2.5495
                ],
                [
                    3.0759,
                    2.5495
                ],
                [
                    3.0759,
                    -1.3481
                ],
                [
                    0.4235,
                    -1.3481
                ],
                [
                    0.4235,
                    2.5495
                ]
            ],
            "unormalized_bbox": [
                [
                    1.4491905006408692,
                    1.5692690490722654,
                    0.25076000976562507
                ],
                [
                    1.8976094993591308,
                    1.7935545562744137,
                    1.295239990234375
                ]
            ],
            "new_bbox": [
                [
                    0.3867027977080641,
                    0.6277076196289062,
                    0.41021654601950563
                ],
                [
                    0.555764401809354,
                    0.7174218225097655,
                    0.6781968365749115
                ]
            ],
            "type": "lamp",
            "rotation": 0.0
        }
    ],
    "bbox": [
        2.6524,
        2.5,
        3.8976
    ],
    "existing_objects": [
        0.0,
        0.0,
        0.0,
        0.0,
        0.0,
        0.0,
        0.0,
        0.0,
        1.0,
        0.0,
        0.0,
        0.0,
        0.0,
        1.0,
        0.0,
        0.0
    ]
}