{
    "id": "MasterBedroom-42928",
    "valid_objects": [
        {
            "jid": "9a9a3f9d-e59c-4597-8882-26e0c803146a",
            "category_id": "41ac92b5-5f88-46d0-a59a-e1ed31739154",
            "size": {
                "xLen": 240.3179931640625,
                "yLen": 236.6510009765625,
                "zLen": 151.67599487304688
            },
            "scale": [
                1.0,
                1.0,
                1.0
            ],
            "pos": [
                -3.9726105913594494,
                0.0,
                -2.4483842586210125
            ],
            "rot": [
                0.0,
                0.0,
                0.0,
                1.0
            ],
            "category": "King-size Bed",
            "floor": [
                [
                    -5.7556,
                    -0.5256
                ],
                [
                    -1.5763,
                    -0.5256
                ],
                [
                    -1.5763,
                    -3.6472
                ],
                [
                    -5.7556,
                    -3.6472
                ],
                [
                    -5.7556,
                    -0.5256
                ]
            ],
            "unormalized_bbox": [
                [
                    -5.174200557179762,
                    0.0,
                    -3.206764232986247
                ],
                [
                    -2.771020625539137,
                    1.1832550048828125,
                    -1.690004284255778
                ]
            ],
            "new_bbox": [
                [
                    0.13911407240931217,
                    0.0,
                    0.14109295457898297
                ],
                [
                    0.7141337962005271,
                    0.473302001953125,
                    0.626984788488026
                ]
            ],
            "type": "bed",
            "rotation": 0.0
        },
        {
            "jid": "20ae6ca9-6eb4-4f2c-9606-82c7ad1074b0",
            "category_id": "2dd2368f-a3eb-43c2-8a6b-d585cd19d9a6",
            "size": {
                "xLen": 184.61099243164062,
                "yLen": 46.719600677490234,
                "zLen": 219.0189971923828
            },
            "scale": [
                1.0,
                1.0,
                1.0
            ],
            "pos": [
                -4.0944,
                0.0,
                -0.8255999999999999
            ],
            "rot": [
                0.0,
                1.0,
                0.0,
                0.0
            ],
            "category": "Wardrobe",
            "floor": [
                [
                    -5.7556,
                    -0.5256
                ],
                [
                    -1.5763,
                    -0.5256
                ],
                [
                    -1.5763,
                    -3.6472
                ],
                [
                    -5.7556,
                    -3.6472
                ],
                [
                    -5.7556,
                    -0.5256
                ]
            ],
            "unormalized_bbox": [
                [
                    -5.017454962158204,
                    0.0,
                    -1.920694985961914
                ],
                [
                    -3.171345037841797,
                    0.23359800338745118,
                    0.26949498596191424
                ]
            ],
            "new_bbox": [
                [
                    0.1766192993663524,
                    0.0,
                    0.5530833591869829
                ],
                [
                    0.6183463647400769,
                    0.09343920135498048,
                    1.2547075172866202
                ]
            ],
            "type": "wardrobe",
            "rotation": 0.0
        },
        {
            "jid": "a35ba93a-a794-41db-b36c-989981a0f148",
            "category_id": "0b71b677-e56e-4f5e-8e71-e675ea9a786b",
            "size": {
                "xLen": 105.0,
                "yLen": 44.05929946899414,
                "zLen": 204.0
            },
            "scale": [
                1.0,
                1.0,
                1.0
            ],
            "pos": [
                -1.8045183303833014,
                0.0,
                -3.0572
            ],
            "rot": [
                0.0,
                -0.70711,
                0.0,
                0.70711
            ],
            "category": "Bookcase / jewelry Armoire",
            "floor": [
                [
                    -5.7556,
                    -0.5256
                ],
                [
                    -1.5763,
                    -0.5256
                ],
                [
                    -1.5763,
                    -3.6472
                ],
                [
                    -5.7556,
                    -3.6472
                ],
                [
                    -5.7556,
                    -0.5256
                ]
            ],
            "unormalized_bbox": [
                [
                    -2.3295183303833014,
                    0.0,
                    -4.0771999999999995
                ],
                [
                    -1.2795183303833015,
                    0.2202964973449707,
                    -2.0372
                ]
            ],
            "new_bbox": [
                [
                    0.8197740458011386,
                    0.0,
                    -0.13774987186058407
                ],
                [
                    1.0710122914403604,
                    0.08811859893798828,
                    0.5157611481291646
                ]
            ],
            "type": "armoire",
            "rotation": 18.0
        },
        {
            "jid": "c2d7281e-a0ae-4b33-8a62-2fde4583a787",
            "category_id": "89404b8a-5bb6-42cf-95fa-73c9bfba4c97",
            "size": {
                "xLen": 45.0,
                "yLen": 32.0,
                "zLen": 67.89140319824219
            },
            "scale": [
                1.0,
                1.0,
                1.0
            ],
            "pos": [
                -5.4215606963967975,
                0.0,
                -3.559275630592534
            ],
            "rot": [
                0.0,
                0.0,
                0.0,
                1.0
            ],
            "category": "Nightstand",
            "floor": [
                [
                    -5.7556,
                    -0.5256
                ],
                [
                    -1.5763,
                    -0.5256
                ],
                [
                    -1.5763,
                    -3.6472
                ],
                [
                    -5.7556,
                    -3.6472
                ],
                [
                    -5.7556,
                    -0.5256
                ]
            ],
            "unormalized_bbox": [
                [
                    -5.646560696396797,
                    0.0,
                    -3.898732646583745
                ],
                [
                    -5.196560696396798,
                    0.16,
                    -3.2198186146013232
                ]
            ],
            "new_bbox": [
                [
                    0.02609032699332499,
                    0.0,
                    -0.08057811589689416
                ],
                [
                    0.13376386083870562,
                    0.064,
                    0.13691100249829477
                ]
            ],
            "type": "nightstand",
            "rotation": 0.0
        },
        {
            "jid": "c2d7281e-a0ae-4b33-8a62-2fde4583a787",
            "category_id": "89404b8a-5bb6-42cf-95fa-73c9bfba4c97",
            "size": {
                "xLen": 45.0,
                "yLen": 32.0,