{
    "id": "MasterBedroom-20523",
    "valid_objects": [
        {
            "jid": "879812cc-973d-4c7c-ad38-76262208230a",
            "category_id": "89404b8a-5bb6-42cf-95fa-73c9bfba4c97",
            "size": {
                "xLen": 60.0,
                "yLen": 45.0,
                "zLen": 55.0
            },
            "scale": [
                1.0,
                1.0,
                1.0
            ],
            "pos": [
                -3.8789499123371822,
                0.0,
                -6.457077784735535
            ],
            "rot": [
                0.0,
                0.0,
                0.0,
                1.0
            ],
            "category": "Nightstand",
            "floor": [
                [
                    -0.9403,
                    -3.1783
                ],
                [
                    -0.0898,
                    -3.1783
                ],
                [
                    -0.0898,
                    -6.6055
                ],
                [
                    -4.3675,
                    -6.6055
                ],
                [
                    -4.3675,
                    -3.4183
                ],
                [
                    -0.9403,
                    -3.4183
                ],
                [
                    -0.9403,
                    -3.1783
                ]
            ],
            "unormalized_bbox": [
                [
                    -4.178949912337182,
                    0.0,
                    -6.7320777847355355
                ],
                [
                    -3.5789499123371824,
                    0.225,
                    -6.182077784735535
                ]
            ],
            "new_bbox": [
                [
                    0.044077445277326065,
                    0.0,
                    -0.03693329386541065
                ],
                [
                    0.1843397357605296,
                    0.09,
                    0.12354756514486033
                ]
            ],
            "type": "nightstand",
            "rotation": 0.0
        },
        {
            "jid": "879812cc-973d-4c7c-ad38-76262208230a",
            "category_id": "89404b8a-5bb6-42cf-95fa-73c9bfba4c97",
            "size": {
                "xLen": 60.0,
                "yLen": 45.0,
                "zLen": 55.0
            },
            "scale": [
                1.0,
                1.0,
                1.0
            ],
            "pos": [
                -1.2106169118131516,
                0.0,
                -6.4520381281582475
            ],
            "rot": [
                0.0,
                0.0,
                0.0,
                1.0
            ],
            "category": "Nightstand",
            "floor": [
                [
                    -0.9403,
                    -3.1783
                ],
                [
                    -0.0898,
                    -3.1783
                ],
                [
                    -0.0898,
                    -6.6055
                ],
                [
                    -4.3675,
                    -6.6055
                ],
                [
                    -4.3675,
                    -3.4183
                ],
                [
                    -0.9403,
                    -3.4183
                ],
                [
                    -0.9403,
                    -3.1783
                ]
            ],
            "unormalized_bbox": [
                [
                    -1.5106169118131516,
                    0.0,
                    -6.727038128158248
                ],
                [
                    -0.9106169118131515,
                    0.225,
                    -6.177038128158247
                ]
            ],
            "new_bbox": [
                [
                    0.6678549426530258,
                    0.0,
                    -0.03546280583515631
                ],
                [
                    0.8081172331362295,
                    0.09,
                    0.12501805317511466
                ]
            ],
            "type": "nightstand",
            "rotation": 0.0
        },
        {
            "jid": "28f855f2-fadb-4d8d-917c-44d90ce964bb",
            "category_id": "2dd2368f-a3eb-43c2-8a6b-d585cd19d9a6",
            "size": {
                "xLen": 325.0,
                "yLen": 57.190399169921875,
                "zLen": 251.15499877929688
            },
            "scale": [
                1.0,
                1.0,
                1.0
            ],
            "pos": [
                -0.37183244938386745,
                0.0,
                -4.980227647824048
            ],
            "rot": [
                0.0,
                -0.70711,
                0.0,
                0.70711
            ],
            "category": "Wardrobe",
            "floor": [
                [
                    -0.9403,
                    -3.1783
                ],
                [
                    -0.0898,
                    -3.1783
                ],
                [
                    -0.0898,
                    -6.6055
                ],
                [
                    -4.3675,
                    -6.6055
                ],
                [
                    -4.3675,
                    -3.4183
                ],
                [
                    -0.9403,
                    -3.4183
                ],
                [
                    -0.9403,
                    -3.1783
                ]
            ],
            "unormalized_bbox": [
                [
                    -1.9968324493838674,
                    0.0,
                    -6.236002641720532
                ],
                [
                    1.2531675506161326,
                    0.2859519958496094,
                    -3.7244526539275635
                ]
            ],
            "new_bbox": [
                [
                    0.5541921010393746,
                    0.0,
                    0.10781318810675428
                ],
                [
                    1.313946174490061,
                    0.11438079833984376,
                    0.8406417326308463
                ]
            ],
            "type": "wardrobe",
            "rotation": 18.0
        },
        {
            "jid": "28f855f2-fadb-4d8d-917c-44d90ce964bb",
            "category_id": "2dd2368f-a3eb-43c2-8a6b-d585cd19d9a6",
            "size": {
                "xLen": 325.0,
                "yLen": 57.190399169921875,
                "zLen": 251.15499877929688
            },
            "scale": [
                1.0,
                1.0,
                1.0
            ],
            "pos": [
                -0.37168129437958614,
                0.0,
                -4.824387388495524
            ],
            "rot": [
                0.0,
                -0.70711,
                0.0,
                0.70711
            ],
            "category": "Wardrobe",
            "floor": [
                [
                    -0.9403,
                    -3.1783
                ],
                [
                    -0.0898,
                    -3.1783
                ],
                [
                    -0.0898,
                    -6.6055
                ],
                [
                    -4.3675,
                    -6.6055
                ],
                [
                    -4.3675,
                    -3.4183
                ],
                [
                    -0.9403,
                    -3.4183
                ],
                [
                    -0.9403,
                    -3.1783
                ]
            ],