{
    "id": "MasterBedroom-24481",
    "valid_objects": [
        {
            "jid": "f350c1ba-8040-4750-9e6e-f45cfbf916a4",
            "category_id": "41ac92b5-5f88-46d0-a59a-e1ed31739154",
            "size": {
                "xLen": 202.19900512695312,
                "yLen": 194.3070068359375,
                "zLen": 64.49649810791016
            },
            "scale": [
                1.0,
                1.0,
                1.0
            ],
            "pos": [
                -1.085788783911945,
                0.0,
                3.24
            ],
            "rot": [
                0.0,
                -0.70711,
                0.0,
                -0.70711
            ],
            "category": "King-size Bed",
            "floor": [
                [
                    -2.3086,
                    4.7851
                ],
                [
                    1.656,
                    4.7851
                ],
                [
                    1.656,
                    1.6317
                ],
                [
                    -2.3086,
                    1.6317
                ],
                [
                    -2.3086,
                    4.7851
                ]
            ],
            "unormalized_bbox": [
                [
                    -2.096783809546711,
                    0.0,
                    2.9175175094604495
                ],
                [
                    -0.07479375827717938,
                    0.9715350341796875,
                    3.562482490539551
                ]
            ],
            "new_bbox": [
                [
                    0.05342687546115355,
                    0.0,
                    0.40775591725136345
                ],
                [
                    0.5634379866122234,
                    0.388614013671875,
                    0.6122859423287724
                ]
            ],
            "type": "bed",
            "rotation": 6.0
        },
        {
            "jid": "b07444ff-5d5d-4493-8616-c1eabe6a840b",
            "category_id": "89404b8a-5bb6-42cf-95fa-73c9bfba4c97",
            "size": {
                "xLen": 41.71979904174805,
                "yLen": 34.39799880981445,
                "zLen": 44.35279846191406
            },
            "scale": [
                1.0,
                1.0,
                1.0
            ],
            "pos": [
                -1.9412943642166431,
                0.0,
                1.977489837393054
            ],
            "rot": [
                0.0,
                0.70711,
                0.0,
                0.70711
            ],
            "category": "Nightstand",
            "floor": [
                [
                    -2.3086,
                    4.7851
                ],
                [
                    1.656,
                    4.7851
                ],
                [
                    1.656,
                    1.6317
                ],
                [
                    -2.3086,
                    1.6317
                ],
                [
                    -2.3086,
                    4.7851
                ]
            ],
            "unormalized_bbox": [
                [
                    -2.1498933594253833,
                    0.0,
                    1.7557258450834838
                ],
                [
                    -1.732695369007903,
                    0.17198999404907225,
                    2.1992538297026245
                ]
            ],
            "new_bbox": [
                [
                    0.04003093390874664,
                    0.0,
                    0.03933083182707044
                ],
                [
                    0.14526172400547274,
                    0.0687959976196289,
                    0.17998155314981434
                ]
            ],
            "type": "nightstand",
            "rotation": 6.0
        },
        {
            "jid": "b07444ff-5d5d-4493-8616-c1eabe6a840b",
            "category_id": "89404b8a-5bb6-42cf-95fa-73c9bfba4c97",
            "size": {
                "xLen": 41.71979904174805,
                "yLen": 34.39799880981445,
                "zLen": 44.35279846191406
            },
            "scale": [
                1.0,
                1.0,
                1.0
            ],
            "pos": [
                -1.9665741408088255,
                0.0,
                4.490110162606946
            ],
            "rot": [
                0.0,
                0.70711,
                0.0,
                0.70711
            ],
            "category": "Nightstand",
            "floor": [
                [
                    -2.3086,
                    4.7851
                ],
                [
                    1.656,
                    4.7851
                ],
                [
                    1.656,
                    1.6317
                ],
                [
                    -2.3086,
                    1.6317
                ],
                [
                    -2.3086,
                    4.7851
                ]
            ],
            "unormalized_bbox": [
                [
                    -2.1751731360175657,
                    0.0,
                    4.2683461702973755
                ],
                [
                    -1.7579751456000854,
                    0.17198999404907225,
                    4.711874154916517
                ]
            ],
            "new_bbox": [
                [
                    0.03365455884135462,
                    0.0,
                    0.8361280428418137
                ],
                [
                    0.13888534893808072,
                    0.0687959976196289,
                    0.9767787641645579
                ]
            ],
            "type": "nightstand",
            "rotation": 6.0
        },
        {
            "jid": "41dce00c-6a26-4480-a569-4ab8e6e74d67",
            "category_id": "e7a0801e-7abd-4634-b3bc-8777342d124e",
            "size": {
                "xLen": 77.5020980834961,
                "yLen": 24.996200561523438,
                "zLen": 104.76399993896484
            },
            "scale": [
                1.0,
                1.0,
                1.0
            ],
            "pos": [
                -0.5105,
                1.552416995239258,
                3.109
            ],
            "rot": [
                0.0,
                0.0,
                0.0,
                1.0
            ],
            "category": "Pendant Lamp",
            "floor": [
                [
                    -2.3086,
                    4.7851
                ],
                [
                    1.656,
                    4.7851
                ],
                [
                    1.656,
                    1.6317
                ],
                [
                    -2.3086,
                    1.6317
                ],
                [
                    -2.3086,
                    4.7851
                ]
            ],
            "unormalized_bbox": [
                [
                    -0.8980104904174804,
                    1.552416995239258,
                    2.5851800003051757
                ],
                [
                    -0.12298950958251947,
                    1.6773979980468752,
                    3.6328199996948243
                ]
            ],
            "new_bbox": [
                [
                    0.3557961735313827,
                    0.6209667980957032,
                    0.30236570061050794
                ],
                [
                    0.5512814635568484,
                    0.67095919921875,
                    0.6345912347608373
                ]
            ],
            "type": "lamp",
            "rotation": 0.0
        },
        {
            "jid": "77185b15-66a6-45aa-8ef7-514b4b374ecb",
            "category_id": "2dd2368f-a3eb-43c2-8a6b-d585cd19d9a6",