{
  "id": "SecondBedroom-9100",
  "valid_objects": [
    {
      "jid": "c96b81b9-51f5-4ac6-b737-8e63d09feee8",
      "category_id": "2dd2368f-a3eb-43c2-8a6b-d585cd19d9a6",
      "size": {
        "xLen": 297.5820007324219,
        "yLen": 35.30009841918945,
        "zLen": 232.89999389648438
      },
      "scale": [
        1,
        1,
        1
      ],
      "pos": [
        -0.9872777818403706,
        0,
        0.38020000000000015
      ],
      "rot": [
        0,
        1,
        0,
        0
      ],
      "category": "Wardrobe",
      "floor": [
        [
          -2.5308,
          0.6902
        ],
        [
          0.5604,
          0.6902
        ],
        [
          0.5604,
          -2.965
        ],
        [
          -2.5308,
          -2.965
        ],
        [
          -2.5308,
          0.6902
        ]
      ],
      "unormalized_bbox": [
        [
          -2.47518778550248,
          0,
          -0.7842999694824218
        ],
        [
          0.5006322218217387,
          0.17650049209594726,
          1.544699969482422
        ]
      ],
      "new_bbox": [
        [
          0.017990493820367555,
          0,
          0.5966021094653038
        ],
        [
          0.9806651856307385,
          0.0706001968383789,
          1.2337765291864802
        ]
      ],
      "type": "wardrobe",
      "rotation": 0
    },
    {
      "jid": "21f34649-749e-4481-aef4-abf73263c950",
      "category_id": "41ac92b5-5f88-46d0-a59a-e1ed31739154",
      "size": {
        "xLen": 211.7449951171875,
        "yLen": 209.40699768066406,
        "zLen": 86.99079895019531
      },
      "scale": [
        1,
        1,
        1
      ],
      "pos": [
        -0.5921531565832198,
        0,
        -1.3625705472164065
      ],
      "rot": [
        0,
        -0.70711,
        0,
        0.70711
      ],
      "category": "King-size Bed",
      "floor": [
        [
          -2.5308,
          0.6902
        ],
        [
          0.5604,
          0.6902
        ],
        [
          0.5604,
          -2.965
        ],
        [
          -2.5308,
          -2.965
        ],
        [
          -2.5308,
          0.6902
        ]
      ],
      "unormalized_bbox": [
        [
          -1.6508781321691575,
          0,
          -1.797524541967383
        ],
        [
          0.4665718190027178,
          1.0470349884033203,
          -0.9276165524654298
        ]
      ],
      "new_bbox": [
        [
          0.28465381335107487,
          0,
          0.31940125247116896
        ],
        [
          0.9696466805780013,
          0.41881399536132813,
          0.5573931515469933
        ]
      ],
      "type": "bed",
      "rotation": 18
    },
    {
      "jid": "24adeee8-399e-46e9-8d8c-aa641084c1e1",
      "category_id": "89404b8a-5bb6-42cf-95fa-73c9bfba4c97",
      "size": {
        "xLen": 40,
        "yLen": 38.71220016479492,
        "zLen": 55
      },
      "scale": [
        1,
        1,
        1
      ],
      "pos": [
        0.3697080464140463,
        0,
        -2.601575060515075
      ],
      "rot": [
        0,
        -0.70711,
        0,
        0.70711
      ],
      "category": "Nightstand",
      "floor": [
        [
          -2.5308,
          0.6902
        ],
        [
          0.5604,
          0.6902
        ],
        [
          0.5604,
          -2.965
        ],
        [
          -2.5308,
          -2.965
        ],
        [
          -2.5308,
          0.6902
        ]
      ],
      "unormalized_bbox": [
        [
          0.1697080464140463,
          0,
          -2.876575060515075
        ],
        [
          0.5697080464140463,
          0.19356100082397462,
          -2.3265750605150752
        ]
      ],
      "new_bbox": [
        [
          0.8736115574579602,
          0,
          0.024191546149300944
        ],
        [
          1.0030111433792852,
          0.07742440032958985,
          0.17466210863562176
        ]
      ],
      "type": "nightstand",
      "rotation": 18
    },
    {
      "jid": "24adeee8-399e-46e9-8d8c-aa641084c1e1",
      "category_id": "89404b8a-5bb6-42cf-95fa-73c9bfba4c97",
      "size": {
        "xLen": 40,
        "yLen": 38.71220016479492,
        "zLen": 55
      },
      "scale": [
        1,
        1,
        1
      ],
      "pos": [
        0.3925594369996806,
        0,
        -0.1661928021557726
      ],
      "rot": [
        0,
        -0.70711,
        0,
        0.70711
      ],
      "category": "Nightstand",
      "floor": [
        [
          -2.5308,
          0.6902
        ],
        [
          0.5604,
          0.6902
        ],
        [
          0.5604,
          -2.965
        ],
        [
          -2.5308,
          -2.965
        ],
        [
          -2.5308,
          0.6902
        ]
      ],
      "unormalized_bbox": [
        [
          0.1925594369996806,
          0,
          -0.4411928021557726
        ],
        [
          0.5925594369996806,
          0.19356100082397462,
          0.10880719784422743
        ]
      ],
      "new_bbox": [
        [
          0.881003958656729,
          0,
          0.6904703430302658
        ],
        [
          1.010403544578054,
          0.07742440032958985,
          0.8409409055165866
        ]
      ],
      "type": "nightstand",
      "rotation": 18
    },
    {
      "jid": "9582f63c-7e72-44c6-9373-3e229f9ff7ef",
      "category_id": "e7a0801e-7abd-4634-b3bc-8777342d124e",
      "size": {
        "xLen": 47.89580154418945,
        "yLen": 47.89580154418945,
        "zLen": 44.764801025390625
      },
      "scale": [
        1,
        1,
        1
      ],
      "pos": [
        -0.9853,
        2.478231964111328,
        -1.3123
      ],
      "rot": [
        0,
        0,
        0,
        1
      ],
      "category": "Pendant Lamp",
      "floor": [
        [
          -2.5308,
          0.6902
        ],
        [
          0.5604,
          0.6902
        ],
        [
          0.5604,
          -2.965
        ],
        [
          -2.5308,
          -2.965
        ],
        [
          -2.5308,
          0.6902
        ]
      ],
      "unormalized_bbox": [
        [
          -1.2247790077209473,
          2.478231964111328,
          -1.5361240051269531
        ],
        [
          -0.7458209922790526,
          2.7177109718322754,
          -1.088475994873047
        ]
      ],
      "new_bbox": [
        [
          0.42249643901366873,
          2.478231964111328,
          0.39091595394863393
        ],
        [
          0.5774388611933706,
          1.0870843887329102,
          0.513384768310066
        ]
      ],
      "type": "lamp",
      "rotation": 0
    }
  ],
  "bbox": [
    3.0912,
    2.5,
    3.6552
  ]
}