{
    "id": "MasterBedroom-12988",
    "valid_objects": [
        {
            "jid": "101563cd-8b31-4ae9-a715-d13f8f1938a0",
            "category_id": "1462419b-2462-4632-aaaa-246285c9c07f",
            "size": {
                "xLen": 143.99400329589844,
                "yLen": 51.60129928588867,
                "zLen": 77.84619903564453
            },
            "scale": [
                1.0,
                1.0,
                1.0
            ],
            "pos": [
                -3.3451349465953264,
                0.0,
                -0.7684140330850466
            ],
            "rot": [
                0.0,
                -1.0,
                0.0,
                0.0
            ],
            "category": "Drawer Chest / Corner cabinet",
            "floor": [
                [
                    -4.0497,
                    -0.5315
                ],
                [
                    -0.0651,
                    -0.5315
                ],
                [
                    -0.0651,
                    -3.4407
                ],
                [
                    -4.0497,
                    -3.4407
                ],
                [
                    -4.0497,
                    -0.5315
                ]
            ],
            "unormalized_bbox": [
                [
                    -4.065104963074819,
                    0.0,
                    -1.1576450282632693
                ],
                [
                    -2.625164930115834,
                    0.25800649642944334,
                    -0.37918303790682395
                ]
            ],
            "new_bbox": [
                [
                    -0.0038661253513073337,
                    0.0,
                    0.78477071763259
                ],
                [
                    0.35751018167047277,
                    0.10320259857177734,
                    1.0523569923323166
                ]
            ],
            "type": "cabinet",
            "rotation": 0.0
        },
        {
            "jid": "ec7533e4-557a-4f24-8200-a26e977363be",
            "category_id": "89404b8a-5bb6-42cf-95fa-73c9bfba4c97",
            "size": {
                "xLen": 43.83489990234375,
                "yLen": 35.06129837036133,
                "zLen": 43.980201721191406
            },
            "scale": [
                1.0,
                1.0,
                1.0
            ],
            "pos": [
                -0.8407204155778556,
                0.0,
                -0.6351349646823014
            ],
            "rot": [
                0.0,
                1.0,
                0.0,
                0.0
            ],
            "category": "Nightstand",
            "floor": [
                [
                    -4.0497,
                    -0.5315
                ],
                [
                    -0.0651,
                    -0.5315
                ],
                [
                    -0.0651,
                    -3.4407
                ],
                [
                    -4.0497,
                    -3.4407
                ],
                [
                    -4.0497,
                    -0.5315
                ]
            ],
            "unormalized_bbox": [
                [
                    -1.0598949150895742,
                    0.0,
                    -0.8550359732882584
                ],
                [
                    -0.6215459160661368,
                    0.17530649185180663,
                    -0.4152339560763443
                ]
            ],
            "new_bbox": [
                [
                    0.7503400805376765,
                    0.0,
                    0.8887886796066758
                ],
                [
                    0.86035087184005,
                    0.07012259674072266,
                    1.0399649539129847
                ]
            ],
            "type": "nightstand",
            "rotation": 0.0
        },
        {
            "jid": "ec7533e4-557a-4f24-8200-a26e977363be",
            "category_id": "89404b8a-5bb6-42cf-95fa-73c9bfba4c97",
            "size": {
                "xLen": 43.83489990234375,
                "yLen": 35.06129837036133,
                "zLen": 43.980201721191406
            },
            "scale": [
                1.0,
                1.0,
                1.0
            ],
            "pos": [
                -2.9551034225043558,
                0.0,
                -0.657089836894252
            ],
            "rot": [
                0.0,
                1.0,
                0.0,
                0.0
            ],
            "category": "Nightstand",
            "floor": [
                [
                    -4.0497,
                    -0.5315
                ],
                [
                    -0.0651,
                    -0.5315
                ],
                [
                    -0.0651,
                    -3.4407
                ],
                [
                    -4.0497,
                    -3.4407
                ],
                [
                    -4.0497,
                    -0.5315
                ]
            ],
            "unormalized_bbox": [
                [
                    -3.1742779220160746,
                    0.0,
                    -0.8769908455002091
                ],
                [
                    -2.735928922992637,
                    0.17530649185180663,
                    -0.437188828288295
                ]
            ],
            "new_bbox": [
                [
                    0.21970136976959423,
                    0.0,
                    0.8812419752852299
                ],
                [
                    0.3297121610719678,
                    0.07012259674072266,
                    1.0324182495915388
                ]
            ],
            "type": "nightstand",
            "rotation": 0.0
        },
        {
            "jid": "6321e604-9437-4090-ba2c-af5567201483",
            "category_id": "41ac92b5-5f88-46d0-a59a-e1ed31739154",
            "size": {
                "xLen": 200.5330047607422,
                "yLen": 208.38999938964844,
                "zLen": 97.00630187988281
            },
            "scale": [
                1.0,
                1.0,
                1.0
            ],
            "pos": [
                -1.9779414779760165,
                0.0,
                -1.5812961296039976
            ],
            "rot": [
                0.0,
                1.0,
                0.0,
                0.0
            ],
            "category": "King-size Bed",
            "floor": [
                [
                    -4.0497,
                    -0.5315
                ],
                [
                    -0.0651,
                    -0.5315
                ],
                [
                    -0.0651,
                    -3.4407
                ],
                [
                    -4.0497,
                    -3.4407
                ],
                [
                    -4.0497,
                    -0.5315
                ]
            ],
            "unormalized_bbox": [
                [
                    -2.9806065017797274,
                    0.0,
                    -2.0663276390034118
                ],
                [
                    -0.9752764541723056,
                    1.0419499969482422,
                    -1.0962646202045834
                ]
            ],
            "new_bbox": [
                [
                    0.26830635401803754,
                    0.0,
                    0.47242278323820575
                ],
                [
                    0.771576455811799,
                    0.4167799987792969,
                    0.8058694417006107
                ]
            ],
            "type": "bed",
            "rotation": 0.0
        },
        {
            "jid": "36a8ee08-14c3-4380-ae0e-1a66525aa7f5",