{
    "id": "Bedroom-10989",
    "valid_objects": [
        {
            "jid": "1ff04aec-2aa8-417a-a19b-6e5e6ae1bf1d",
            "category_id": "89404b8a-5bb6-42cf-95fa-73c9bfba4c97",
            "size": {
                "xLen": 43.769798278808594,
                "yLen": 35.89720153808594,
                "zLen": 42.3031005859375
            },
            "scale": [
                1.0,
                1.0,
                1.0
            ],
            "pos": [
                2.2417684731360885,
                0.0,
                -4.049211456729224
            ],
            "rot": [
                0.0,
                0.0,
                0.0,
                1.0
            ],
            "category": "Nightstand",
            "floor": [
                [
                    1.6213,
                    -1.328
                ],
                [
                    5.5291,
                    -1.328
                ],
                [
                    5.5291,
                    -4.2592
                ],
                [
                    1.6213,
                    -4.2592
                ],
                [
                    1.6213,
                    -1.328
                ]
            ],
            "unormalized_bbox": [
                [
                    2.0229194817420457,
                    0.0,
                    -4.2607269596589115
                ],
                [
                    2.4606174645301313,
                    0.1794860076904297,
                    -3.8376959537995363
                ]
            ],
            "new_bbox": [
                [
                    0.1027738066794733,
                    0.0,
                    -0.0005209332897487673
                ],
                [
                    0.2147800461973825,
                    0.07179440307617188,
                    0.14379914239917563
                ]
            ],
            "type": "nightstand",
            "rotation": 0.0
        },
        {
            "jid": "1ff04aec-2aa8-417a-a19b-6e5e6ae1bf1d",
            "category_id": "89404b8a-5bb6-42cf-95fa-73c9bfba4c97",
            "size": {
                "xLen": 43.769798278808594,
                "yLen": 35.89720153808594,
                "zLen": 42.3031005859375
            },
            "scale": [
                1.0,
                1.0,
                1.0
            ],
            "pos": [
                5.045881526863911,
                0.0,
                -4.049211456729224
            ],
            "rot": [
                0.0,
                0.0,
                0.0,
                1.0
            ],
            "category": "Nightstand",
            "floor": [
                [
                    1.6213,
                    -1.328
                ],
                [
                    5.5291,
                    -1.328
                ],
                [
                    5.5291,
                    -4.2592
                ],
                [
                    1.6213,
                    -4.2592
                ],
                [
                    1.6213,
                    -1.328
                ]
            ],
            "unormalized_bbox": [
                [
                    4.827032535469868,
                    0.0,
                    -4.2607269596589115
                ],
                [
                    5.264730518257954,
                    0.1794860076904297,
                    -3.8376959537995363
                ]
            ],
            "new_bbox": [
                [
                    0.8203420173677949,
                    0.0,
                    -0.0005209332897487673
                ],
                [
                    0.9323482568857041,
                    0.07179440307617188,
                    0.14379914239917563
                ]
            ],
            "type": "nightstand",
            "rotation": 0.0
        },
        {
            "jid": "6c185b06-6b95-45d0-bad2-fea9895e1e5a",
            "category_id": "41ac92b5-5f88-46d0-a59a-e1ed31739154",
            "size": {
                "xLen": 209.8560028076172,
                "yLen": 233.07899475097656,
                "zLen": 156.37899780273438
            },
            "scale": [
                1.0,
                1.0,
                1.0
            ],
            "pos": [
                3.54688,
                0.0,
                -3.083469099519075
            ],
            "rot": [
                0.0,
                0.0,
                0.0,
                1.0
            ],
            "category": "King-size Bed",
            "floor": [
                [
                    1.6213,
                    -1.328
                ],
                [
                    5.5291,
                    -1.328
                ],
                [
                    5.5291,
                    -4.2592
                ],
                [
                    1.6213,
                    -4.2592
                ],
                [
                    1.6213,
                    -1.328
                ]
            ],
            "unormalized_bbox": [
                [
                    2.497599985961914,
                    0.0,
                    -3.865364088532747
                ],
                [
                    4.596160014038086,
                    1.1653949737548828,
                    -2.3015741105054035
                ]
            ],
            "new_bbox": [
                [
                    0.22424381645987873,
                    0.0,
                    0.1343599588793849
                ],
                [
                    0.7612620947945355,
                    0.4661579895019531,
                    0.6678581773657876
                ]
            ],
            "type": "bed",
            "rotation": 0.0
        },
        {
            "jid": "1bc7ff20-2031-44e9-91a9-4dd7bcf1b679",
            "category_id": "e7a0801e-7abd-4634-b3bc-8777342d124e",
            "size": {
                "xLen": 121.20600128173828,
                "yLen": 31.260799407958984,
                "zLen": 64.88960266113281
            },
            "scale": [
                1.0,
                1.0,
                1.0
            ],
            "pos": [
                3.5598,
                1.9514229858398437,
                -2.80239
            ],
            "rot": [
                0.0,
                0.0,
                0.0,
                1.0
            ],
            "category": "Pendant Lamp",
            "floor": [
                [
                    1.6213,
                    -1.328
                ],
                [
                    5.5291,
                    -1.328
                ],
                [
                    5.5291,
                    -4.2592
                ],
                [
                    1.6213,
                    -4.2592
                ],
                [
                    1.6213,
                    -1.328
                ]
            ],
            "unormalized_bbox": [
                [
                    2.9537699935913087,
                    1.9514229858398437,
                    -3.126838013305664
                ],
                [
                    4.165830006408692,
                    2.1077269828796386,
                    -2.477941986694336
                ]
            ],
            "new_bbox": [
                [
                    0.34097701867836344,
                    0.7805691943359375,
                    0.38631345070085155
                ],
                [
                    0.6511413087693055,
                    0.8430907931518554,
                    0.6076890056310262
                ]
            ],
            "type": "lamp",
            "rotation": 0.0
        }
    ],
    "bbox": [
        3.9078,
        2.5,
        2.9311999999999996
    ],