{
    "id": "MasterBedroom-3138",
    "valid_objects": [
        {
            "jid": "3f3e9fe3-3db0-407b-9956-57025c5b7e6d",
            "category_id": "41ac92b5-5f88-46d0-a59a-e1ed31739154",
            "size": {
                "xLen": 170.6529998779297,
                "yLen": 196.2740020751953,
                "zLen": 96.71690368652344
            },
            "scale": [
                1.054808508827186,
                1.0,
                1.0189909456205946
            ],
            "pos": [
                3.9541,
                0.0,
                3.7253
            ],
            "rot": [
                0.0,
                -0.70711,
                0.0,
                0.70711
            ],
            "category": "Single bed",
            "floor": [
                [
                    1.8539,
                    5.448
                ],
                [
                    4.9541,
                    5.448
                ],
                [
                    4.9541,
                    1.6442
                ],
                [
                    1.8539,
                    1.6442
                ],
                [
                    1.8539,
                    5.448
                ]
            ],
            "unormalized_bbox": [
                [
                    3.1008350006103518,
                    0.0,
                    3.2417154815673825
                ],
                [
                    4.807364999389648,
                    0.9813700103759766,
                    4.208884518432617
                ]
            ],
            "new_bbox": [
                [
                    0.4022111478647673,
                    0.0,
                    0.41997883210667813
                ],
                [
                    0.9526691824365033,
                    0.39254800415039065,
                    0.6742427357991001
                ]
            ],
            "type": "bed",
            "rotation": 18.0
        },
        {
            "jid": "eb42fd74-2ca7-44fa-bcb6-6b9982145489",
            "category_id": "2dd2368f-a3eb-43c2-8a6b-d585cd19d9a6",
            "size": {
                "xLen": 499.0,
                "yLen": 60.000099182128906,
                "zLen": 252.0
            },
            "scale": [
                0.36868547810953933,
                1.0,
                0.8869805876035514
            ],
            "pos": [
                4.0342,
                0.0,
                1.9103
            ],
            "rot": [
                0.0,
                0.0,
                0.0,
                1.0
            ],
            "category": "Wardrobe",
            "floor": [
                [
                    1.8539,
                    5.448
                ],
                [
                    4.9541,
                    5.448
                ],
                [
                    4.9541,
                    1.6442
                ],
                [
                    1.8539,
                    1.6442
                ],
                [
                    1.8539,
                    5.448
                ]
            ],
            "unormalized_bbox": [
                [
                    1.5392000000000001,
                    0.0,
                    0.6503000000000001
                ],
                [
                    6.5292,
                    0.30000049591064454,
                    3.1703
                ]
            ],
            "new_bbox": [
                [
                    -0.10150958002709502,
                    0.0,
                    -0.26129134023870865
                ],
                [
                    1.508063995871234,
                    0.12000019836425782,
                    0.4012040590987959
                ]
            ],
            "type": "wardrobe",
            "rotation": 0.0
        },
        {
            "jid": "43e87cfa-50da-4ffa-835c-bb39a7d05cb5",
            "category_id": "5f38bce6-8bd2-4d41-bdbc-e76cbc87d309",
            "size": {
                "xLen": 50.30229949951172,
                "yLen": 57.47380065917969,
                "zLen": 116.85399627685547
            },
            "scale": [
                1.1656306028174688,
                1.0,
                1.0687130419638067
            ],
            "pos": [
                3.9519,
                0.0,
                5.1548
            ],
            "rot": [
                0.0,
                0.70711,
                0.0,
                0.70711
            ],
            "category": "Dressing Chair",
            "floor": [
                [
                    1.8539,
                    5.448
                ],
                [
                    4.9541,
                    5.448
                ],
                [
                    4.9541,
                    1.6442
                ],
                [
                    1.8539,
                    1.6442
                ],
                [
                    1.8539,
                    5.448
                ]
            ],
            "unormalized_bbox": [
                [
                    3.7003885025024417,
                    0.0,
                    4.570530018615722
                ],
                [
                    4.203411497497559,
                    0.28736900329589843,
                    5.739069981384278
                ]
            ],
            "new_bbox": [
                [
                    0.595603026418438,
                    0.0,
                    0.7693175294746626
                ],
                [
                    0.7578580406094956,
                    0.11494760131835938,
                    1.0765208426794988
                ]
            ],
            "type": "chair",
            "rotation": 6.0
        },
        {
            "jid": "8fe26c63-f744-4dbf-9149-ed8147275bed",
            "category_id": "89404b8a-5bb6-42cf-95fa-73c9bfba4c97",
            "size": {
                "xLen": 54.51689910888672,
                "yLen": 42.663700103759766,
                "zLen": 44.97549819946289
            },
            "scale": [
                1.063605998008016,
                1.0,
                0.9958606166487527
            ],
            "pos": [
                4.7417,
                0.0,
                2.5354
            ],
            "rot": [
                0.0,
                -0.70711,
                0.0,
                0.70711
            ],
            "category": "Nightstand",
            "floor": [
                [
                    1.8539,
                    5.448
                ],
                [
                    4.9541,
                    5.448
                ],
                [
                    4.9541,
                    1.6442
                ],
                [
                    1.8539,
                    1.6442
                ],
                [
                    1.8539,
                    5.448
                ]
            ],
            "unormalized_bbox": [
                [
                    4.469115504455567,
                    0.0,
                    2.3105225090026855
                ],
                [
                    5.014284495544433,
                    0.21331850051879883,
                    2.7602774909973147
                ]
            ],
            "new_bbox": [
                [
                    0.8435634812126851,
                    0.0,
                    0.17517285582908812
                ],
                [
                    1.0194131009433045,
                    0.08532740020751953,
                    0.2934111917023278
                ]
            ],
            "type": "nightstand",
            "rotation": 18.0
        },
        {
            "jid": "9ec3b578-c1f6-46c3-8fc4-08aeb8749fac",
            "category_id": "469c4481-d969-416f-8796-988cc28ca9c3",
            "size": {
                "xLen": 144.9029998779297,