{
    "id": "Bedroom-41491",
    "valid_objects": [
        {
            "jid": "71c4791c-25f1-4fa7-ba4c-0287c9dd81ad",
            "category_id": "41ac92b5-5f88-46d0-a59a-e1ed31739154",
            "size": {
                "xLen": 201.76699829101562,
                "yLen": 216.75900268554688,
                "zLen": 78.93679809570312
            },
            "scale": [
                1.0,
                1.0,
                1.0
            ],
            "pos": [
                -2.6114764177723138,
                0.0,
                2.8661481845708487
            ],
            "rot": [
                0.0,
                0.70711,
                0.0,
                0.70711
            ],
            "category": "King-size Bed",
            "floor": [
                [
                    -4.0145,
                    3.8983
                ],
                [
                    -1.1895,
                    3.8983
                ],
                [
                    -1.1895,
                    -0.0594
                ],
                [
                    -4.0145,
                    -0.0594
                ],
                [
                    -4.0145,
                    3.8983
                ]
            ],
            "unormalized_bbox": [
                [
                    -3.6203114092273916,
                    0.0,
                    2.471464194092333
                ],
                [
                    -1.6026414263172357,
                    1.0837950134277343,
                    3.2608321750493645
                ]
            ],
            "new_bbox": [
                [
                    0.13953578434428615,
                    0.0,
                    0.6394785340203485
                ],
                [
                    0.8537552473213323,
                    0.43351800537109375,
                    0.838929725610674
                ]
            ],
            "type": "bed",
            "rotation": 6.0
        },
        {
            "jid": "0c64b5e0-2f99-4c17-bd22-345131e20f72",
            "category_id": "5c76d84c-aa8c-4bb8-88fc-cbf8da81be71",
            "size": {
                "xLen": 120.1719970703125,
                "yLen": 57.415000915527344,
                "zLen": 75.1978988647461
            },
            "scale": [
                1.0,
                1.0,
                1.0
            ],
            "pos": [
                -3.410368248645705,
                0.0,
                0.5505587790805713
            ],
            "rot": [
                0.0,
                0.0,
                0.0,
                1.0
            ],
            "category": "Desk",
            "floor": [
                [
                    -4.0145,
                    3.8983
                ],
                [
                    -1.1895,
                    3.8983
                ],
                [
                    -1.1895,
                    -0.0594
                ],
                [
                    -4.0145,
                    -0.0594
                ],
                [
                    -4.0145,
                    3.8983
                ]
            ],
            "unormalized_bbox": [
                [
                    -4.011228233997268,
                    0.0,
                    0.1745692847568408
                ],
                [
                    -2.8095082632941426,
                    0.28707500457763674,
                    0.9265482734043018
                ]
            ],
            "new_bbox": [
                [
                    0.0011581472576043033,
                    0.0,
                    0.05911748863148819
                ],
                [
                    0.42654574750649815,
                    0.1148300018310547,
                    0.24912152851512287
                ]
            ],
            "type": "desk",
            "rotation": 0.0
        },
        {
            "jid": "01dbfbe9-8648-49bc-9e9c-edb5e631c566",
            "category_id": "30c7fefc-a32e-48e1-9458-dfab61595dc7",
            "size": {
                "xLen": 46.117000579833984,
                "yLen": 55.40739822387695,
                "zLen": 78.65989685058594
            },
            "scale": [
                1.0,
                1.0,
                1.0
            ],
            "pos": [
                -3.0774156261166636,
                0.0,
                1.2052525928634559
            ],
            "rot": [
                0.0,
                0.94987,
                0.0,
                -0.31266
            ],
            "category": "Dining Chair",
            "floor": [
                [
                    -4.0145,
                    3.8983
                ],
                [
                    -1.1895,
                    3.8983
                ],
                [
                    -1.1895,
                    -0.0594
                ],
                [
                    -4.0145,
                    -0.0594
                ],
                [
                    -4.0145,
                    3.8983
                ]
            ],
            "unormalized_bbox": [
                [
                    -3.3080006290158335,
                    0.0,
                    0.8119531086105262
                ],
                [
                    -2.846830623217494,
                    0.2770369911193848,
                    1.5985520771163855
                ]
            ],
            "new_bbox": [
                [
                    0.25008827291474917,
                    0.0,
                    0.22016653829510224
                ],
                [
                    0.41333429266637384,
                    0.11081479644775391,
                    0.4189180779534541
                ]
            ],
            "type": "chair",
            "rotation": 21.0
        },
        {
            "jid": "de91c842-f703-4d14-a095-8a5c3f570fc2",
            "category_id": "2374eec6-a564-4f13-ba49-df54fe5b01f5",
            "size": {
                "xLen": 60.79999923706055,
                "yLen": 60.79999923706055,
                "zLen": 13.100000381469727
            },
            "scale": [
                1.0,
                1.0,
                1.0
            ],
            "pos": [
                -2.57815,
                2.4690250007629397,
                1.9389299999999998
            ],
            "rot": [
                0.0,
                0.0,
                0.0,
                1.0
            ],
            "category": "Ceiling Lamp",
            "floor": [
                [
                    -4.0145,
                    3.8983
                ],
                [
                    -1.1895,
                    3.8983
                ],
                [
                    -1.1895,
                    -0.0594
                ],
                [
                    -4.0145,
                    -0.0594
                ],
                [
                    -4.0145,
                    3.8983
                ]
            ],
            "unormalized_bbox": [
                [
                    -2.8821499961853028,
                    2.4690250007629397,
                    1.8734299980926512
                ],
                [
                    -2.274150003814697,
                    2.7730249969482426,
                    2.0044300019073487
                ]
            ],
            "new_bbox": [
                [
                    0.4008318597574149,
                    0.9876100003051759,
                    0.4883720337803904
                ],
                [
                    0.6160530959947974,
                    1.109209998779297,
                    0.5214720675916186
                ]
            ],
            "type": "lamp",
            "rotation": 0.0
        }
    ],
    "bbox": [
        2.825,
        2.5,
        3.9577
    ],