{
    "id": "Bedroom-27048",
    "valid_objects": [
        {
            "jid": "fffd4028-7f01-46c7-96d2-36c3f51b5ba6",
            "category_id": "41ac92b5-5f88-46d0-a59a-e1ed31739154",
            "size": {
                "xLen": 200.4969940185547,
                "yLen": 221.37899780273438,
                "zLen": 163.9770050048828
            },
            "scale": [
                1.0,
                1.0,
                1.0
            ],
            "pos": [
                -2.3099,
                0.0,
                -0.08821665446812066
            ],
            "rot": [
                0.0,
                1.0,
                0.0,
                0.0
            ],
            "category": "King-size Bed",
            "floor": [
                [
                    -3.5669,
                    1.025
                ],
                [
                    -0.4931,
                    1.025
                ],
                [
                    -0.4931,
                    -1.3836
                ],
                [
                    -3.5669,
                    -1.3836
                ],
                [
                    -3.5669,
                    1.025
                ]
            ],
            "unormalized_bbox": [
                [
                    -3.312384970092773,
                    0.0,
                    -0.9081016794925347
                ],
                [
                    -1.3074150299072265,
                    1.106894989013672,
                    0.7316683705562934
                ]
            ],
            "new_bbox": [
                [
                    0.08280142816944075,
                    0.0,
                    0.1974168896900545
                ],
                [
                    0.7350787201811353,
                    0.44275799560546875,
                    0.8782148843960366
                ]
            ],
            "type": "bed",
            "rotation": 0.0
        },
        {
            "jid": "34e5b695-1212-4cf3-9d9e-50314061a036",
            "category_id": "89404b8a-5bb6-42cf-95fa-73c9bfba4c97",
            "size": {
                "xLen": 61.40510177612305,
                "yLen": 35.929500579833984,
                "zLen": 63.04389953613281
            },
            "scale": [
                1.0,
                1.0,
                1.0
            ],
            "pos": [
                -0.9692,
                0.0,
                0.824
            ],
            "rot": [
                0.0,
                -1.0,
                0.0,
                0.0
            ],
            "category": "Nightstand",
            "floor": [
                [
                    -3.5669,
                    1.025
                ],
                [
                    -0.4931,
                    1.025
                ],
                [
                    -0.4931,
                    -1.3836
                ],
                [
                    -3.5669,
                    -1.3836
                ],
                [
                    -3.5669,
                    1.025
                ]
            ],
            "unormalized_bbox": [
                [
                    -1.2762255088806151,
                    0.0,
                    0.5087805023193359
                ],
                [
                    -0.6621744911193848,
                    0.17964750289916992,
                    1.139219497680664
                ]
            ],
            "new_bbox": [
                [
                    0.7452256136116159,
                    0.0,
                    0.7856765350491306
                ],
                [
                    0.9449949602708748,
                    0.07185900115966797,
                    1.0474215302169991
                ]
            ],
            "type": "nightstand",
            "rotation": 0.0
        },
        {
            "jid": "bef42425-94cf-4583-9b0e-7d71e8137ca8",
            "category_id": "e7a0801e-7abd-4634-b3bc-8777342d124e",
            "size": {
                "xLen": 56.34960174560547,
                "yLen": 8.799269676208496,
                "zLen": 47.757598876953125
            },
            "scale": [
                1.0,
                1.0,
                1.0
            ],
            "pos": [
                -2.0575,
                2.3416149902343752,
                -0.24609999999999999
            ],
            "rot": [
                0.0,
                0.70711,
                0.0,
                0.70711
            ],
            "category": "Pendant Lamp",
            "floor": [
                [
                    -3.5669,
                    1.025
                ],
                [
                    -0.4931,
                    1.025
                ],
                [
                    -0.4931,
                    -1.3836
                ],
                [
                    -3.5669,
                    -1.3836
                ],
                [
                    -3.5669,
                    1.025
                ]
            ],
            "unormalized_bbox": [
                [
                    -2.3392480087280276,
                    2.3416149902343752,
                    -0.4848879943847656
                ],
                [
                    -1.7757519912719728,
                    2.385611338615418,
                    -0.007312005615234374
                ]
            ],
            "new_bbox": [
                [
                    0.39939228032792384,
                    0.9366459960937501,
                    0.3731262997655212
                ],
                [
                    0.5827145581130937,
                    0.9542445354461672,
                    0.5714057935667051
                ]
            ],
            "type": "lamp",
            "rotation": 6.0
        }
    ],
    "bbox": [
        3.0738,
        2.5,
        2.4086
    ],
    "existing_objects": [
        0.0,
        0.0,
        0.0,
        0.0,
        0.0,
        0.0,
        0.0,
        0.0,
        1.0,
        0.0,
        0.0,
        0.0,
        0.0,
        0.0,
        0.0,
        0.0
    ]
}