{
    "id": "MasterBedroom-5215",
    "valid_objects": [
        {
            "jid": "56b1b9fd-78a1-40d7-b20b-97b5c70f289e",
            "category_id": "41ac92b5-5f88-46d0-a59a-e1ed31739154",
            "size": {
                "xLen": 195.25599670410156,
                "yLen": 239.26499938964844,
                "zLen": 104.81900024414062
            },
            "scale": [
                1.0,
                1.0,
                1.0
            ],
            "pos": [
                -2.642625208001964,
                0.0,
                3.7393610211212467
            ],
            "rot": [
                0.0,
                0.70711,
                0.0,
                0.70711
            ],
            "category": "Single bed",
            "floor": [
                [
                    -3.8386,
                    5.6867
                ],
                [
                    -0.4492,
                    5.6867
                ],
                [
                    -0.4492,
                    1.1844
                ],
                [
                    -3.8386,
                    1.1844
                ],
                [
                    -3.8386,
                    5.6867
                ]
            ],
            "unormalized_bbox": [
                [
                    -3.6189051915224715,
                    0.0,
                    3.2152660199005436
                ],
                [
                    -1.666345224481456,
                    1.1963249969482421,
                    4.26345602234195
                ]
            ],
            "new_bbox": [
                [
                    0.06481820041232328,
                    0.0,
                    0.4510730115497732
                ],
                [
                    0.6408965526401558,
                    0.47852999877929686,
                    0.6838851303427026
                ]
            ],
            "type": "bed",
            "rotation": 6.0
        },
        {
            "jid": "cd150ee7-5b6e-478a-a3be-057ca7a3180f",
            "category_id": "89404b8a-5bb6-42cf-95fa-73c9bfba4c97",
            "size": {
                "xLen": 30.93429946899414,
                "yLen": 23.207799911499023,
                "zLen": 49.98899841308594
            },
            "scale": [
                1.0,
                1.0,
                1.0
            ],
            "pos": [
                -3.710630526718777,
                0.0,
                2.270902272018777
            ],
            "rot": [
                0.0,
                0.70711,
                0.0,
                0.70711
            ],
            "category": "Nightstand",
            "floor": [
                [
                    -3.8386,
                    5.6867
                ],
                [
                    -0.4492,
                    5.6867
                ],
                [
                    -0.4492,
                    1.1844
                ],
                [
                    -3.8386,
                    1.1844
                ],
                [
                    -3.8386,
                    5.6867
                ]
            ],
            "unormalized_bbox": [
                [
                    -3.8653020240637477,
                    0.0,
                    2.0209572799533473
                ],
                [
                    -3.5559590293738066,
                    0.11603899955749512,
                    2.5208472640842063
                ]
            ],
            "new_bbox": [
                [
                    -0.007878097617202946,
                    0.0,
                    0.185806649924116
                ],
                [
                    0.08338967682368366,
                    0.04641559982299805,
                    0.29683656444133144
                ]
            ],
            "type": "nightstand",
            "rotation": 6.0
        },
        {
            "jid": "cd150ee7-5b6e-478a-a3be-057ca7a3180f",
            "category_id": "89404b8a-5bb6-42cf-95fa-73c9bfba4c97",
            "size": {
                "xLen": 30.93429946899414,
                "yLen": 23.207799911499023,
                "zLen": 49.98899841308594
            },
            "scale": [
                1.0,
                1.0,
                1.0
            ],
            "pos": [
                -3.746893337197257,
                0.0,
                5.119011220862052
            ],
            "rot": [
                0.0,
                0.70711,
                0.0,
                0.70711
            ],
            "category": "Nightstand",
            "floor": [
                [
                    -3.8386,
                    5.6867
                ],
                [
                    -0.4492,
                    5.6867
                ],
                [
                    -0.4492,
                    1.1844
                ],
                [
                    -3.8386,
                    1.1844
                ],
                [
                    -3.8386,
                    5.6867
                ]
            ],
            "unormalized_bbox": [
                [
                    -3.9015648345422274,
                    0.0,
                    4.869066228796622
                ],
                [
                    -3.5922218398522863,
                    0.11603899955749512,
                    5.368956212927482
                ]
            ],
            "new_bbox": [
                [
                    -0.01857698546711139,
                    0.0,
                    0.8183964260037362
                ],
                [
                    0.07269078897377522,
                    0.04641559982299805,
                    0.9294263405209519
                ]
            ],
            "type": "nightstand",
            "rotation": 6.0
        },
        {
            "jid": "06fa510a-de04-45f5-b54b-d1ddacc27a4b",
            "category_id": "2dd2368f-a3eb-43c2-8a6b-d585cd19d9a6",
            "size": {
                "xLen": 437.63299560546875,
                "yLen": 66.39700317382812,
                "zLen": 255.6060028076172
            },
            "scale": [
                1.0,
                1.0,
                1.0
            ],
            "pos": [
                -1.5271402742455569,
                0.0,
                1.5180093042240146
            ],
            "rot": [
                0.0,
                0.0,
                0.0,
                1.0
            ],
            "category": "Wardrobe",
            "floor": [
                [
                    -3.8386,
                    5.6867
                ],
                [
                    -0.4492,
                    5.6867
                ],
                [
                    -0.4492,
                    1.1844
                ],
                [
                    -3.8386,
                    1.1844
                ],
                [
                    -3.8386,
                    5.6867
                ]
            ],
            "unormalized_bbox": [
                [
                    -3.7153052522729,
                    0.0,
                    0.23997929018592856
                ],
                [
                    0.6610247037817867,
                    0.33198501586914064,
                    2.7960393182621006
                ]
            ],
            "new_bbox": [
                [
                    0.03637657040393574,
                    0.0,
                    -0.20976405610778298
                ],
                [
                    1.3275578874673353,
                    0.13279400634765626,
                    0.35795911384450185
                ]
            ],
            "type": "wardrobe",
            "rotation": 0.0
        },
        {
            "jid": "58d90d89-23bf-4e58-a62e-34390202d000",