{
    "id": "SecondBedroom-3882",
    "valid_objects": [
        {
            "jid": "3c52cc2f-a786-438d-bea6-92cdafacefbc",
            "category_id": "41ac92b5-5f88-46d0-a59a-e1ed31739154",
            "size": {
                "xLen": 250.62100219726562,
                "yLen": 225.97799682617188,
                "zLen": 106.4749984741211
            },
            "scale": [
                1.0,
                1.0,
                1.0
            ],
            "pos": [
                1.5173213495412612,
                0.0,
                5.659479784473351
            ],
            "rot": [
                0.0,
                -0.70711,
                0.0,
                0.70711
            ],
            "category": "King-size Bed",
            "floor": [
                [
                    -0.1485,
                    6.9212
                ],
                [
                    2.6583,
                    6.9212
                ],
                [
                    2.6583,
                    3.5643
                ],
                [
                    -0.1485,
                    3.5643
                ],
                [
                    -0.1485,
                    6.9212
                ]
            ],
            "unormalized_bbox": [
                [
                    0.264216338554933,
                    0.0,
                    5.127104792102746
                ],
                [
                    2.7704263605275896,
                    1.1298899841308594,
                    6.1918547768439565
                ]
            ],
            "new_bbox": [
                [
                    0.1470415913335232,
                    0.0,
                    0.46554999913692585
                ],
                [
                    1.0399481119166274,
                    0.45195599365234373,
                    0.7827325141779489
                ]
            ],
            "type": "bed",
            "rotation": 18.0
        },
        {
            "jid": "bd68e830-18a3-4b11-bab5-0065a5531d83",
            "category_id": "89404b8a-5bb6-42cf-95fa-73c9bfba4c97",
            "size": {
                "xLen": 76.0,
                "yLen": 36.400001525878906,
                "zLen": 61.20000076293945
            },
            "scale": [
                1.0,
                1.0,
                1.0
            ],
            "pos": [
                2.567789135724634,
                0.0,
                6.597645600195679
            ],
            "rot": [
                0.0,
                0.71361,
                0.0,
                -0.70054
            ],
            "category": "Nightstand",
            "floor": [
                [
                    -0.1485,
                    6.9212
                ],
                [
                    2.6583,
                    6.9212
                ],
                [
                    2.6583,
                    3.5643
                ],
                [
                    -0.1485,
                    3.5643
                ],
                [
                    -0.1485,
                    6.9212
                ]
            ],
            "unormalized_bbox": [
                [
                    2.187789135724634,
                    0.0,
                    6.291645596380982
                ],
                [
                    2.947789135724634,
                    0.18200000762939453,
                    6.903645604010376
                ]
            ],
            "new_bbox": [
                [
                    0.8323675130841649,
                    0.0,
                    0.8124595896157115
                ],
                [
                    1.103138497835483,
                    0.07280000305175781,
                    0.9947706526886044
                ]
            ],
            "type": "nightstand",
            "rotation": 18.0
        },
        {
            "jid": "bd68e830-18a3-4b11-bab5-0065a5531d83",
            "category_id": "89404b8a-5bb6-42cf-95fa-73c9bfba4c97",
            "size": {
                "xLen": 76.0,
                "yLen": 36.400001525878906,
                "zLen": 61.20000076293945
            },
            "scale": [
                1.0,
                1.0,
                1.0
            ],
            "pos": [
                2.551674590174189,
                0.0,
                4.6468487035231085
            ],
            "rot": [
                0.0,
                0.71361,
                0.0,
                -0.70054
            ],
            "category": "Nightstand",
            "floor": [
                [
                    -0.1485,
                    6.9212
                ],
                [
                    2.6583,
                    6.9212
                ],
                [
                    2.6583,
                    3.5643
                ],
                [
                    -0.1485,
                    3.5643
                ],
                [
                    -0.1485,
                    6.9212
                ]
            ],
            "unormalized_bbox": [
                [
                    2.171674590174189,
                    0.0,
                    4.3408486997084115
                ],
                [
                    2.9316745901741887,
                    0.18200000762939453,
                    4.952848707337806
                ]
            ],
            "new_bbox": [
                [
                    0.8266262612848043,
                    0.0,
                    0.2313291130830265
                ],
                [
                    1.0973972460361225,
                    0.07280000305175781,
                    0.41364017615591936
                ]
            ],
            "type": "nightstand",
            "rotation": 18.0
        },
        {
            "jid": "eb42fd74-2ca7-44fa-bcb6-6b9982145489",
            "category_id": "2dd2368f-a3eb-43c2-8a6b-d585cd19d9a6",
            "size": {
                "xLen": 499.0,
                "yLen": 60.000099182128906,
                "zLen": 252.0
            },
            "scale": [
                1.0,
                1.0,
                1.0
            ],
            "pos": [
                -0.2193038647342993,
                0.0,
                3.864300551011827
            ],
            "rot": [
                0.0,
                0.0,
                0.0,
                1.0
            ],
            "category": "Wardrobe",
            "floor": [
                [
                    -0.1485,
                    6.9212
                ],
                [
                    2.6583,
                    6.9212
                ],
                [
                    2.6583,
                    3.5643
                ],
                [
                    -0.1485,
                    3.5643
                ],
                [
                    -0.1485,
                    6.9212
                ]
            ],
            "unormalized_bbox": [
                [
                    -2.7143038647342994,
                    0.0,
                    2.6043005510118267
                ],
                [
                    2.275696135265701,
                    0.30000049591064454,
                    5.124300551011827
                ]
            ],
            "new_bbox": [
                [
                    -0.9141384725432163,
                    0.0,
                    -0.28597797044540296
                ],
                [
                    0.8636868089160968,
                    0.12000019836425782,
                    0.46471463284930364
                ]
            ],
            "type": "wardrobe",
            "rotation": 0.0
        },
        {
            "jid": "bda4a699-2966-41f0-a12d-fe49a330eef4",
            "category_id": "2374eec6-a564-4f13-ba49-df54fe5b01f5",
            "size": {
                "xLen": 75.72029876708984,