{
    "id": "SecondBedroom-3852",
    "valid_objects": [
        {
            "jid": "af22d4a3-6e34-45d2-afef-c3e9f6838043",
            "category_id": "e7a0801e-7abd-4634-b3bc-8777342d124e",
            "size": {
                "xLen": 83.21209716796875,
                "yLen": 83.26380157470703,
                "zLen": 92.05039978027344
            },
            "scale": [
                1.0,
                1.0,
                1.0
            ],
            "pos": [
                -0.4459000000000001,
                2.1157859802246093,
                -5.1863
            ],
            "rot": [
                0.0,
                -0.38268,
                0.0,
                0.92388
            ],
            "category": "Pendant Lamp",
            "floor": [
                [
                    -2.1574,
                    -3.7432
                ],
                [
                    1.5639,
                    -3.7432
                ],
                [
                    1.5639,
                    -6.6091
                ],
                [
                    -2.1574,
                    -6.6091
                ],
                [
                    -2.1574,
                    -3.7432
                ]
            ],
            "unormalized_bbox": [
                [
                    -0.8619604858398437,
                    2.1157859802246093,
                    -5.6465519989013675
                ],
                [
                    -0.029839514160156344,
                    2.5321049880981445,
                    -4.726048001098633
                ]
            ],
            "new_bbox": [
                [
                    0.3481147755247242,
                    0.8463143920898437,
                    0.33586238218313
                ],
                [
                    0.5717250653910847,
                    1.0128419952392578,
                    0.6570543280998524
                ]
            ],
            "type": "lamp",
            "rotation": 21.0
        },
        {
            "jid": "6c185b06-6b95-45d0-bad2-fea9895e1e5a",
            "category_id": "41ac92b5-5f88-46d0-a59a-e1ed31739154",
            "size": {
                "xLen": 209.8560028076172,
                "yLen": 233.07899475097656,
                "zLen": 156.37899780273438
            },
            "scale": [
                1.0,
                1.0,
                1.0
            ],
            "pos": [
                -0.45600000000000096,
                0.0,
                -5.433308639638753
            ],
            "rot": [
                0.0,
                0.0,
                0.0,
                1.0
            ],
            "category": "King-size Bed",
            "floor": [
                [
                    -2.1574,
                    -3.7432
                ],
                [
                    1.5639,
                    -3.7432
                ],
                [
                    1.5639,
                    -6.6091
                ],
                [
                    -2.1574,
                    -6.6091
                ],
                [
                    -2.1574,
                    -3.7432
                ]
            ],
            "unormalized_bbox": [
                [
                    -1.505280014038087,
                    0.0,
                    -6.215203628652425
                ],
                [
                    0.5932800140380851,
                    1.1653949737548828,
                    -4.651413650625081
                ]
            ],
            "new_bbox": [
                [
                    0.17523983176898203,
                    0.0,
                    0.13744246880476454
                ],
                [
                    0.7391717985752518,
                    0.4661579895019531,
                    0.6830965314124425
                ]
            ],
            "type": "bed",
            "rotation": 0.0
        },
        {
            "jid": "62319141-32fa-4353-b2ff-ec31ca232e3e",
            "category_id": "89404b8a-5bb6-42cf-95fa-73c9bfba4c97",
            "size": {
                "xLen": 48.63740158081055,
                "yLen": 48.4921989440918,
                "zLen": 60.71770095825195
            },
            "scale": [
                1.0,
                1.0,
                1.0
            ],
            "pos": [
                -1.8125605784446346,
                0.0,
                -6.310898840594995
            ],
            "rot": [
                0.0,
                0.0,
                0.0,
                1.0
            ],
            "category": "Nightstand",
            "floor": [
                [
                    -2.1574,
                    -3.7432
                ],
                [
                    1.5639,
                    -3.7432
                ],
                [
                    1.5639,
                    -6.6091
                ],
                [
                    -2.1574,
                    -6.6091
                ],
                [
                    -2.1574,
                    -3.7432
                ]
            ],
            "unormalized_bbox": [
                [
                    -2.055747586348687,
                    0.0,
                    -6.614487345386255
                ],
                [
                    -1.5693735705405818,
                    0.24246099472045898,
                    -6.007310335803735
                ]
            ],
            "new_bbox": [
                [
                    0.02731637160436214,
                    0.0,
                    -0.0018798092697775235
                ],
                [
                    0.1580164000374649,
                    0.0969843978881836,
                    0.20998278523195657
                ]
            ],
            "type": "nightstand",
            "rotation": 0.0
        },
        {
            "jid": "62319141-32fa-4353-b2ff-ec31ca232e3e",
            "category_id": "89404b8a-5bb6-42cf-95fa-73c9bfba4c97",
            "size": {
                "xLen": 48.63740158081055,
                "yLen": 48.4921989440918,
                "zLen": 60.71770095825195
            },
            "scale": [
                1.0,
                1.0,
                1.0
            ],
            "pos": [
                0.8728605784446345,
                0.0,
                -6.314404334497008
            ],
            "rot": [
                0.0,
                0.0,
                0.0,
                1.0
            ],
            "category": "Nightstand",
            "floor": [
                [
                    -2.1574,
                    -3.7432
                ],
                [
                    1.5639,
                    -3.7432
                ],
                [
                    1.5639,
                    -6.6091
                ],
                [
                    -2.1574,
                    -6.6091
                ],
                [
                    -2.1574,
                    -3.7432
                ]
            ],
            "unormalized_bbox": [
                [
                    0.6296735705405818,
                    0.0,
                    -6.617992839288268
                ],
                [
                    1.1160475863486872,
                    0.24246099472045898,
                    -6.010815829705749
                ]
            ],
            "new_bbox": [
                [
                    0.7489515950180264,
                    0.0,
                    -0.003102983107668991
                ],
                [
                    0.8796516234511291,
                    0.0969843978881836,
                    0.20875961139406513
                ]
            ],
            "type": "nightstand",
            "rotation": 0.0
        }
    ],
    "bbox": [
        3.7213000000000003,
        2.5,
        2.8659
    ],