{
    "id": "Bedroom-6656",
    "valid_objects": [
        {
            "jid": "5b03414c-a131-4c05-9824-1322521f9c3a",
            "category_id": "e7a0801e-7abd-4634-b3bc-8777342d124e",
            "size": {
                "xLen": 67.63990020751953,
                "yLen": 67.63939666748047,
                "zLen": 76.9834976196289
            },
            "scale": [
                1.0,
                1.0,
                1.0
            ],
            "pos": [
                -0.6604,
                1.9720220184326172,
                2.9307
            ],
            "rot": [
                0.0,
                -0.70711,
                0.0,
                0.70711
            ],
            "category": "Pendant Lamp",
            "floor": [
                [
                    -2.9744,
                    4.4228
                ],
                [
                    1.2406,
                    4.4228
                ],
                [
                    1.2406,
                    1.5794
                ],
                [
                    -2.9744,
                    1.5794
                ],
                [
                    -2.9744,
                    4.4228
                ]
            ],
            "unormalized_bbox": [
                [
                    -0.9985995010375976,
                    1.9720220184326172,
                    2.545782511901855
                ],
                [
                    -0.3222004989624023,
                    2.3102190017700197,
                    3.3156174880981446
                ]
            ],
            "new_bbox": [
                [
                    0.46875456677637073,
                    0.7888088073730468,
                    0.3398686473594483
                ],
                [
                    0.6292288258689437,
                    0.9240876007080079,
                    0.6106131701829306
                ]
            ],
            "type": "lamp",
            "rotation": 18.0
        },
        {
            "jid": "00acb313-c507-4372-addf-508755c6e98b",
            "category_id": "41ac92b5-5f88-46d0-a59a-e1ed31739154",
            "size": {
                "xLen": 161.3070068359375,
                "yLen": 197.72500610351562,
                "zLen": 93.97589874267578
            },
            "scale": [
                1.0,
                1.0,
                1.0
            ],
            "pos": [
                0.34262368794374864,
                0.0,
                2.662000358727329
            ],
            "rot": [
                0.0,
                0.0,
                0.0,
                1.0
            ],
            "category": "King-size Bed",
            "floor": [
                [
                    -2.9744,
                    4.4228
                ],
                [
                    1.2406,
                    4.4228
                ],
                [
                    1.2406,
                    1.5794
                ],
                [
                    -2.9744,
                    1.5794
                ],
                [
                    -2.9744,
                    4.4228
                ]
            ],
            "unormalized_bbox": [
                [
                    -0.4639113462359389,
                    0.0,
                    2.1921208650139503
                ],
                [
                    1.149158722123436,
                    0.9886250305175781,
                    3.131879852440708
                ]
            ],
            "new_bbox": [
                [
                    0.5956082215335851,
                    0.0,
                    0.21548880390164957
                ],
                [
                    0.978305746648502,
                    0.39545001220703124,
                    0.545994180361788
                ]
            ],
            "type": "bed",
            "rotation": 0.0
        },
        {
            "jid": "caade42f-867c-4937-b11d-93d6b5f0f481",
            "category_id": "89404b8a-5bb6-42cf-95fa-73c9bfba4c97",
            "size": {
                "xLen": 42.02799987792969,
                "yLen": 40.75320053100586,
                "zLen": 57.60169982910156
            },
            "scale": [
                1.0,
                1.0,
                1.0
            ],
            "pos": [
                -0.8543391066774276,
                0.0,
                1.8492793746613696
            ],
            "rot": [
                0.0,
                0.0,
                0.0,
                1.0
            ],
            "category": "Nightstand",
            "floor": [
                [
                    -2.9744,
                    4.4228
                ],
                [
                    1.2406,
                    4.4228
                ],
                [
                    1.2406,
                    1.5794
                ],
                [
                    -2.9744,
                    1.5794
                ],
                [
                    -2.9744,
                    4.4228
                ]
            ],
            "unormalized_bbox": [
                [
                    -1.064479106067076,
                    0.0,
                    1.5612708755158617
                ],
                [
                    -0.6441991072877792,
                    0.2037660026550293,
                    2.1372878738068772
                ]
            ],
            "new_bbox": [
                [
                    0.4531247672438729,
                    0.0,
                    -0.006375861463085802
                ],
                [
                    0.5528353244868852,
                    0.08150640106201172,
                    0.19620449947488125
                ]
            ],
            "type": "nightstand",
            "rotation": 0.0
        }
    ],
    "bbox": [
        4.215,
        2.5,
        2.8434
    ],
    "existing_objects": [
        0.0,
        0.0,
        0.0,
        0.0,
        0.0,
        0.0,
        0.0,
        0.0,
        1.0,
        0.0,
        1.0,
        0.0,
        0.0,
        1.0,
        0.0,
        0.0
    ]
}