{
    "id": "MasterBedroom-87405",
    "valid_objects": [
        {
            "jid": "56b1b9fd-78a1-40d7-b20b-97b5c70f289e",
            "category_id": "41ac92b5-5f88-46d0-a59a-e1ed31739154",
            "size": {
                "xLen": 195.25599670410156,
                "yLen": 239.26499938964844,
                "zLen": 104.81900024414062
            },
            "scale": [
                1.0,
                1.0,
                1.0
            ],
            "pos": [
                3.4608190134646226,
                0.0,
                -2.0942788051169225
            ],
            "rot": [
                0.0,
                0.0,
                0.0,
                1.0
            ],
            "category": "Single bed",
            "floor": [
                [
                    0.921,
                    0.3189
                ],
                [
                    5.4323,
                    0.3189
                ],
                [
                    5.4323,
                    -3.3036
                ],
                [
                    0.921,
                    -3.3036
                ],
                [
                    0.921,
                    0.3189
                ]
            ],
            "unormalized_bbox": [
                [
                    2.4845390299441146,
                    0.0,
                    -2.6183738063376256
                ],
                [
                    4.437098996985131,
                    1.1963249969482421,
                    -1.5701838038962195
                ]
            ],
            "new_bbox": [
                [
                    0.34658280982069795,
                    0.0,
                    0.18915836954102808
                ],
                [
                    0.779398177240514,
                    0.47852999877929686,
                    0.4785137877443148
                ]
            ],
            "type": "bed",
            "rotation": 0.0
        },
        {
            "jid": "05101287-941c-4442-af2e-0eef69f136b6",
            "category_id": "89404b8a-5bb6-42cf-95fa-73c9bfba4c97",
            "size": {
                "xLen": 120.06400299072266,
                "yLen": 42.178001403808594,
                "zLen": 76.27210235595703
            },
            "scale": [
                1.0,
                1.0,
                1.0
            ],
            "pos": [
                2.019911376633092,
                0.0,
                -3.1570653400827347
            ],
            "rot": [
                0.0,
                0.0,
                0.0,
                1.0
            ],
            "category": "Nightstand",
            "floor": [
                [
                    0.921,
                    0.3189
                ],
                [
                    5.4323,
                    0.3189
                ],
                [
                    5.4323,
                    -3.3036
                ],
                [
                    0.921,
                    -3.3036
                ],
                [
                    0.921,
                    0.3189
                ]
            ],
            "unormalized_bbox": [
                [
                    1.4195913616794784,
                    0.0,
                    -3.53842585186252
                ],
                [
                    2.6202313915867053,
                    0.21089000701904298,
                    -2.7757048283029495
                ]
            ],
            "new_bbox": [
                [
                    0.11052055098962127,
                    0.0,
                    -0.06482425172188265
                ],
                [
                    0.37666113793955297,
                    0.0843560028076172,
                    0.14572675547192557
                ]
            ],
            "type": "nightstand",
            "rotation": 0.0
        },
        {
            "jid": "05101287-941c-4442-af2e-0eef69f136b6",
            "category_id": "89404b8a-5bb6-42cf-95fa-73c9bfba4c97",
            "size": {
                "xLen": 120.06400299072266,
                "yLen": 42.178001403808594,
                "zLen": 76.27210235595703
            },
            "scale": [
                1.0,
                1.0,
                1.0
            ],
            "pos": [
                4.918135910850141,
                0.0,
                -3.155532071439234
            ],
            "rot": [
                0.0,
                0.0,
                0.0,
                1.0
            ],
            "category": "Nightstand",
            "floor": [
                [
                    0.921,
                    0.3189
                ],
                [
                    5.4323,
                    0.3189
                ],
                [
                    5.4323,
                    -3.3036
                ],
                [
                    0.921,
                    -3.3036
                ],
                [
                    0.921,
                    0.3189
                ]
            ],
            "unormalized_bbox": [
                [
                    4.317815895896527,
                    0.0,
                    -3.5368925832190192
                ],
                [
                    5.518455925803754,
                    0.21089000701904298,
                    -2.774171559659449
                ]
            ],
            "new_bbox": [
                [
                    0.7529572176305117,
                    0.0,
                    -0.06440098915638906
                ],
                [
                    1.0190978045804433,
                    0.0843560028076172,
                    0.14615001803741917
                ]
            ],
            "type": "nightstand",
            "rotation": 0.0
        }
    ],
    "bbox": [
        4.511299999999999,
        2.5,
        3.6225
    ],
    "existing_objects": [
        0.0,
        0.0,
        0.0,
        0.0,
        0.0,
        0.0,
        0.0,
        0.0,
        0.0,
        0.0,
        1.0,
        0.0,
        0.0,
        1.0,
        0.0,
        0.0
    ]
}