{
    "id": "MasterBedroom-783",
    "valid_objects": [
        {
            "jid": "8c88bf88-c253-4a3e-b3a3-53d96a47e873",
            "category_id": "2dd2368f-a3eb-43c2-8a6b-d585cd19d9a6",
            "size": {
                "xLen": 427.0,
                "yLen": 41.778900146484375,
                "zLen": 245.0
            },
            "scale": [
                1.0,
                1.0,
                1.0
            ],
            "pos": [
                -1.7161111111111116,
                0.0,
                2.2363
            ],
            "rot": [
                0.0,
                0.0,
                0.0,
                1.0
            ],
            "category": "Wardrobe",
            "floor": [
                [
                    -3.938,
                    6.093
                ],
                [
                    -0.0738,
                    6.093
                ],
                [
                    -0.0738,
                    1.1504
                ],
                [
                    -1.232,
                    1.1504
                ],
                [
                    -1.232,
                    1.9363
                ],
                [
                    -3.938,
                    1.9363
                ],
                [
                    -3.938,
                    6.093
                ]
            ],
            "unormalized_bbox": [
                [
                    -3.8511111111111114,
                    0.0,
                    1.0112999999999999
                ],
                [
                    0.4188888888888882,
                    0.20889450073242188,
                    3.4613
                ]
            ],
            "new_bbox": [
                [
                    0.022485608635393818,
                    0.0,
                    -0.028143082588111566
                ],
                [
                    1.1275008769962445,
                    0.08355780029296875,
                    0.4675474446647514
                ]
            ],
            "type": "wardrobe",
            "rotation": 0.0
        },
        {
            "jid": "66e4e6f3-a058-4043-8838-8b1b25ef1d03",
            "category_id": "41ac92b5-5f88-46d0-a59a-e1ed31739154",
            "size": {
                "xLen": 190.04200744628906,
                "yLen": 216.98800659179688,
                "zLen": 65.19110107421875
            },
            "scale": [
                1.0,
                1.0,
                1.0
            ],
            "pos": [
                -2.6784908034551194,
                0.0,
                4.3049
            ],
            "rot": [
                0.0,
                0.70711,
                0.0,
                0.70711
            ],
            "category": "King-size Bed",
            "floor": [
                [
                    -3.938,
                    6.093
                ],
                [
                    -0.0738,
                    6.093
                ],
                [
                    -0.0738,
                    1.1504
                ],
                [
                    -1.232,
                    1.1504
                ],
                [
                    -1.232,
                    1.9363
                ],
                [
                    -3.938,
                    1.9363
                ],
                [
                    -3.938,
                    6.093
                ]
            ],
            "unormalized_bbox": [
                [
                    -3.6287008406865646,
                    0.0,
                    3.978944494628906
                ],
                [
                    -1.728280766223674,
                    1.0849400329589844,
                    4.630855505371094
                ]
            ],
            "new_bbox": [
                [
                    0.080042223309724,
                    0.0,
                    0.5722786579186877
                ],
                [
                    0.5718439091600657,
                    0.4339760131835938,
                    0.7041750304234803
                ]
            ],
            "type": "bed",
            "rotation": 6.0
        },
        {
            "jid": "3fc86cd0-23ad-46a4-893f-df1659c566e8",
            "category_id": "89404b8a-5bb6-42cf-95fa-73c9bfba4c97",
            "size": {
                "xLen": 64.26730346679688,
                "yLen": 62.56959915161133,
                "zLen": 63.10139846801758
            },
            "scale": [
                1.0,
                1.0,
                1.0
            ],
            "pos": [
                -3.615878287227902,
                0.0,
                2.905964912110818
            ],
            "rot": [
                0.0,
                0.70711,
                0.0,
                0.70711
            ],
            "category": "Nightstand",
            "floor": [
                [
                    -3.938,
                    6.093
                ],
                [
                    -0.0738,
                    6.093
                ],
                [
                    -0.0738,
                    1.1504
                ],
                [
                    -1.232,
                    1.1504
                ],
                [
                    -1.232,
                    1.9363
                ],
                [
                    -3.938,
                    1.9363
                ],
                [
                    -3.938,
                    6.093
                ]
            ],
            "unormalized_bbox": [
                [
                    -3.9372148045618864,
                    0.0,
                    2.59045791977073
                ],
                [
                    -3.2945417698939172,
                    0.31284799575805666,
                    3.221471904450906
                ]
            ],
            "new_bbox": [
                [
                    0.00020319741165408835,
                    0.0,
                    0.29135635490849554
                ],
                [
                    0.16651783813107057,
                    0.12513919830322268,
                    0.4190247854268818
                ]
            ],
            "type": "nightstand",
            "rotation": 6.0
        },
        {
            "jid": "3fc86cd0-23ad-46a4-893f-df1659c566e8",
            "category_id": "89404b8a-5bb6-42cf-95fa-73c9bfba4c97",
            "size": {
                "xLen": 64.26730346679688,
                "yLen": 62.56959915161133,
                "zLen": 63.10139846801758
            },
            "scale": [
                1.0,
                1.0,
                1.0
            ],
            "pos": [
                -3.615878287227902,
                0.0,
                5.723335087889183
            ],
            "rot": [
                0.0,
                0.70711,
                0.0,
                0.70711
            ],
            "category": "Nightstand",
            "floor": [
                [
                    -3.938,
                    6.093
                ],
                [
                    -0.0738,
                    6.093
                ],
                [
                    -0.0738,
                    1.1504
                ],
                [
                    -1.232,
                    1.1504
                ],
                [
                    -1.232,
                    1.9363
                ],
                [
                    -3.938,
                    1.9363
                ],
                [
                    -3.938,
                    6.093
                ]
            ],