{
    "id": "SecondBedroom-157578",
    "valid_objects": [
        {
            "jid": "d53ffa68-36ce-4241-b9c6-760d132e8a5d",
            "category_id": "f2c08afc-68c8-42a7-b62c-1b648f87edba",
            "size": {
                "xLen": 48.7333984375,
                "yLen": 55.4557991027832,
                "zLen": 67.92030334472656
            },
            "scale": [
                1.0,
                1.0,
                1.0
            ],
            "pos": [
                -4.008910076789957,
                0.0,
                -2.5227514611835353
            ],
            "rot": [
                0.0,
                -0.70711,
                0.0,
                0.70711
            ],
            "category": "Lounge Chair / Cafe Chair / Office Chair",
            "floor": [
                [
                    -4.87,
                    -1.82
                ],
                [
                    -1.9,
                    -1.82
                ],
                [
                    -1.9,
                    -1.93
                ],
                [
                    -1.8,
                    -1.93
                ],
                [
                    -1.8,
                    -2.73
                ],
                [
                    -1.9,
                    -2.73
                ],
                [
                    -1.9,
                    -2.83
                ],
                [
                    -2.2,
                    -2.83
                ],
                [
                    -2.2,
                    -5.27
                ],
                [
                    -4.87,
                    -5.27
                ],
                [
                    -4.87,
                    -1.82
                ]
            ],
            "unormalized_bbox": [
                [
                    -4.252577068977457,
                    0.0,
                    -2.862352977907168
                ],
                [
                    -3.765243084602457,
                    0.277278995513916,
                    -2.1831499444599025
                ]
            ],
            "new_bbox": [
                [
                    0.20111496124512798,
                    0.0,
                    0.6978687020558934
                ],
                [
                    0.35985567276792935,
                    0.1109115982055664,
                    0.8947391465333616
                ]
            ],
            "type": "chair",
            "rotation": 18.0
        },
        {
            "jid": "cb8ef374-1462-4eb5-ae5e-689da0abec7d",
            "category_id": "5c76d84c-aa8c-4bb8-88fc-cbf8da81be71",
            "size": {
                "xLen": 151.35800170898438,
                "yLen": 88.72699737548828,
                "zLen": 73.51519775390625
            },
            "scale": [
                1.0,
                1.0,
                1.0
            ],
            "pos": [
                -4.428841835780006,
                0.0,
                -2.552956071248283
            ],
            "rot": [
                0.0,
                0.70711,
                0.0,
                0.70711
            ],
            "category": "Desk",
            "floor": [
                [
                    -4.87,
                    -1.82
                ],
                [
                    -1.9,
                    -1.82
                ],
                [
                    -1.9,
                    -1.93
                ],
                [
                    -1.8,
                    -1.93
                ],
                [
                    -1.8,
                    -2.73
                ],
                [
                    -1.9,
                    -2.73
                ],
                [
                    -1.9,
                    -2.83
                ],
                [
                    -2.2,
                    -2.83
                ],
                [
                    -2.2,
                    -5.27
                ],
                [
                    -4.87,
                    -5.27
                ],
                [
                    -4.87,
                    -1.82
                ]
            ],
            "unormalized_bbox": [
                [
                    -5.185631844324928,
                    0.0,
                    -2.920532060017814
                ],
                [
                    -3.6720518272350846,
                    0.4436349868774414,
                    -2.1853800824787517
                ]
            ],
            "new_bbox": [
                [
                    -0.1028116756758723,
                    0.0,
                    0.6810051999948366
                ],
                [
                    0.39021113119378353,
                    0.17745399475097656,
                    0.8940927297163039
                ]
            ],
            "type": "desk",
            "rotation": 6.0
        },
        {
            "jid": "7e7f1f8e-812f-402b-b5fc-406719e9ec43",
            "category_id": "2374eec6-a564-4f13-ba49-df54fe5b01f5",
            "size": {
                "xLen": 43.96080017089844,
                "yLen": 43.96070098876953,
                "zLen": 21.005199432373047
            },
            "scale": [
                1.0,
                1.0,
                1.0
            ],
            "pos": [
                -3.84916,
                2.469950804710388,
                -3.545
            ],
            "rot": [
                0.0,
                0.0,
                0.0,
                1.0
            ],
            "category": "Ceiling Lamp",
            "floor": [
                [
                    -4.87,
                    -1.82
                ],
                [
                    -1.9,
                    -1.82
                ],
                [
                    -1.9,
                    -1.93
                ],
                [
                    -1.8,
                    -1.93
                ],
                [
                    -1.8,
                    -2.73
                ],
                [
                    -1.9,
                    -2.73
                ],
                [
                    -1.9,
                    -2.83
                ],
                [
                    -2.2,
                    -2.83
                ],
                [
                    -2.2,
                    -5.27
                ],
                [
                    -4.87,
                    -5.27
                ],
                [
                    -4.87,
                    -1.82
                ]
            ],
            "unormalized_bbox": [
                [
                    -4.068964000854492,
                    2.469950804710388,
                    -3.6500259971618654
                ],
                [
                    -3.6293559991455075,
                    2.689754309654236,
                    -3.4399740028381345
                ]
            ],
            "new_bbox": [
                [
                    0.26092377822329255,
                    0.9879803218841552,
                    0.469557681982068
                ],
                [
                    0.4041185670535806,
                    1.0759017238616944,
                    0.5304423180179321
                ]
            ],
            "type": "lamp",
            "rotation": 0.0
        }
    ],
    "bbox": [
        3.0700000000000003,
        2.5,
        3.4499999999999993
    ],
    "existing_objects": [
        0.0,
        0.0,
        0.0,
        0.0,
        0.0,
        0.0,
        1.0,
        0.0,
        0.0,
        0.0,
        0.0,
        0.0,
        0.0,
        0.0,
        0.0,
        0.0
    ]
}