{
    "id": "SecondBedroom-33936",
    "valid_objects": [
        {
            "jid": "81c358ca-dd9f-4d4d-8e96-664752f15204",
            "category_id": "e7a0801e-7abd-4634-b3bc-8777342d124e",
            "size": {
                "xLen": 194.83299255371094,
                "yLen": 12.0,
                "zLen": 79.84839630126953
            },
            "scale": [
                1.0,
                1.0,
                1.0
            ],
            "pos": [
                -3.11844,
                1.895314025878906,
                -2.76693
            ],
            "rot": [
                0.0,
                0.70711,
                0.0,
                0.70711
            ],
            "category": "Pendant Lamp",
            "floor": [
                [
                    -4.78,
                    -1.405
                ],
                [
                    -1.43,
                    -1.405
                ],
                [
                    -1.43,
                    -4.375
                ],
                [
                    -4.78,
                    -4.375
                ],
                [
                    -4.78,
                    -1.405
                ]
            ],
            "unormalized_bbox": [
                [
                    -4.092604962768554,
                    1.895314025878906,
                    -3.1661719815063476
                ],
                [
                    -2.1442750372314454,
                    1.9553140258789061,
                    -2.367688018493652
                ]
            ],
            "new_bbox": [
                [
                    0.20519254842729726,
                    0.7581256103515625,
                    0.40701280083961366
                ],
                [
                    0.7867835709756879,
                    0.7821256103515625,
                    0.6758626200358074
                ]
            ],
            "type": "lamp",
            "rotation": 6.0
        },
        {
            "jid": "a61d62b3-f40c-4099-b55f-0ca94c30e1aa",
            "category_id": "41ac92b5-5f88-46d0-a59a-e1ed31739154",
            "size": {
                "xLen": 202.95700073242188,
                "yLen": 219.9010009765625,
                "zLen": 101.49099731445312
            },
            "scale": [
                1.0,
                1.0,
                1.0
            ],
            "pos": [
                -3.3233961849929177,
                0.0,
                -3.2679009883950294
            ],
            "rot": [
                0.0,
                0.0,
                0.0,
                1.0
            ],
            "category": "King-size Bed",
            "floor": [
                [
                    -4.78,
                    -1.405
                ],
                [
                    -1.43,
                    -1.405
                ],
                [
                    -1.43,
                    -4.375
                ],
                [
                    -4.78,
                    -4.375
                ],
                [
                    -4.78,
                    -1.405
                ]
            ],
            "unormalized_bbox": [
                [
                    -4.338181188655027,
                    0.0,
                    -3.775355974967295
                ],
                [
                    -2.308611181330808,
                    1.0995050048828126,
                    -2.7604460018227637
                ]
            ],
            "new_bbox": [
                [
                    0.13188621234178297,
                    0.0,
                    0.20190034512885688
                ],
                [
                    0.7377280055728931,
                    0.439802001953125,
                    0.5436208748071504
                ]
            ],
            "type": "bed",
            "rotation": 0.0
        },
        {
            "jid": "c038d3cf-722c-45d9-88db-45ede34c5cb9",
            "category_id": "89404b8a-5bb6-42cf-95fa-73c9bfba4c97",
            "size": {
                "xLen": 54.63990020751953,
                "yLen": 30.804800033569336,
                "zLen": 78.6001968383789
            },
            "scale": [
                1.0,
                1.0,
                1.0
            ],
            "pos": [
                -4.440680499051274,
                0.0,
                -4.293537194137095
            ],
            "rot": [
                0.0,
                0.0,
                0.0,
                1.0
            ],
            "category": "Nightstand",
            "floor": [
                [
                    -4.78,
                    -1.405
                ],
                [
                    -1.43,
                    -1.405
                ],
                [
                    -1.43,
                    -4.375
                ],
                [
                    -4.78,
                    -4.375
                ],
                [
                    -4.78,
                    -1.405
                ]
            ],
            "unormalized_bbox": [
                [
                    -4.713880000088872,
                    0.0,
                    -4.6865381783289894
                ],
                [
                    -4.1674809980136756,
                    0.15402400016784668,
                    -3.9005362099452
                ]
            ],
            "new_bbox": [
                [
                    0.019737313406307043,
                    0.0,
                    -0.1048950095383803
                ],
                [
                    0.18284149313024614,
                    0.06160960006713867,
                    0.159752117863569
                ]
            ],
            "type": "nightstand",
            "rotation": 0.0
        },
        {
            "jid": "51ec86f8-de27-4189-9d2f-aee0f93611b3",
            "category_id": "2dd2368f-a3eb-43c2-8a6b-d585cd19d9a6",
            "size": {
                "xLen": 89.08480072021484,
                "yLen": 62.96329879760742,
                "zLen": 207.8990020751953
            },
            "scale": [
                1.0,
                1.0,
                1.0
            ],
            "pos": [
                -1.749365264436296,
                0.0,
                -3.480246935992895
            ],
            "rot": [
                0.0,
                -0.70711,
                0.0,
                0.70711
            ],
            "category": "Wardrobe",
            "floor": [
                [
                    -4.78,
                    -1.405
                ],
                [
                    -1.43,
                    -1.405
                ],
                [
                    -1.43,
                    -4.375
                ],
                [
                    -4.78,
                    -4.375
                ],
                [
                    -4.78,
                    -1.405
                ]
            ],
            "unormalized_bbox": [
                [
                    -2.19478926803737,
                    0.0,
                    -4.519741946368871
                ],
                [
                    -1.3039412608352219,
                    0.3148164939880371,
                    -2.4407519256169183
                ]
            ],
            "new_bbox": [
                [
                    0.7717046961082477,
                    0.0,
                    -0.04873466207706097
                ],
                [
                    1.0376294743775456,
                    0.12592659759521485,
                    0.6512619779067615
                ]
            ],
            "type": "wardrobe",
            "rotation": 18.0
        },
        {
            "jid": "c038d3cf-722c-45d9-88db-45ede34c5cb9",
            "category_id": "89404b8a-5bb6-42cf-95fa-73c9bfba4c97",