{
    "id": "SecondBedroom-415",
    "valid_objects": [
        {
            "jid": "05e1a765-ab62-49c0-a40e-adf7ede590c4",
            "category_id": "41ac92b5-5f88-46d0-a59a-e1ed31739154",
            "size": {
                "xLen": 193.47000122070312,
                "yLen": 200.3459930419922,
                "zLen": 122.19499969482422
            },
            "scale": [
                1.0,
                1.0,
                1.0
            ],
            "pos": [
                4.647789859059216,
                0.0,
                0.4042442690520819
            ],
            "rot": [
                0.0,
                -0.70711,
                0.0,
                0.70711
            ],
            "category": "King-size Bed",
            "floor": [
                [
                    2.6657,
                    2.4422
                ],
                [
                    5.7286,
                    2.4422
                ],
                [
                    5.7286,
                    -2.519
                ],
                [
                    2.6657,
                    -2.519
                ],
                [
                    2.6657,
                    2.4422
                ]
            ],
            "unormalized_bbox": [
                [
                    3.6804398529557005,
                    0.0,
                    -0.20673072942203918
                ],
                [
                    5.615139865162732,
                    1.001729965209961,
                    1.015219267526203
                ]
            ],
            "new_bbox": [
                [
                    0.33130035357200704,
                    0.0,
                    0.46607056167418387
                ],
                [
                    0.9629566310237787,
                    0.4006919860839844,
                    0.7123718591321058
                ]
            ],
            "type": "bed",
            "rotation": 18.0
        },
        {
            "jid": "5a1519a1-907b-4dec-a294-02545967adcd",
            "category_id": "89404b8a-5bb6-42cf-95fa-73c9bfba4c97",
            "size": {
                "xLen": 70.9728012084961,
                "yLen": 47.51169967651367,
                "zLen": 68.00409698486328
            },
            "scale": [
                1.0,
                1.0,
                1.0
            ],
            "pos": [
                5.49062048104082,
                0.0,
                1.7889180141285361
            ],
            "rot": [
                0.0,
                -0.70711,
                0.0,
                0.70711
            ],
            "category": "Nightstand",
            "floor": [
                [
                    2.6657,
                    2.4422
                ],
                [
                    5.7286,
                    2.4422
                ],
                [
                    5.7286,
                    -2.519
                ],
                [
                    2.6657,
                    -2.519
                ],
                [
                    2.6657,
                    2.4422
                ]
            ],
            "unormalized_bbox": [
                [
                    5.13575647499834,
                    0.0,
                    1.4488975292042197
                ],
                [
                    5.845484487083301,
                    0.23755849838256837,
                    2.1289384990528526
                ]
            ],
            "new_bbox": [
                [
                    0.8064437216358157,
                    0.0,
                    0.799785843990208
                ],
                [
                    1.0381613787858894,
                    0.09502339935302735,
                    0.9368577156842806
                ]
            ],
            "type": "nightstand",
            "rotation": 18.0
        },
        {
            "jid": "81a8dcd4-9de1-4fdc-8780-b07883fd48ee",
            "category_id": "e7a0801e-7abd-4634-b3bc-8777342d124e",
            "size": {
                "xLen": 103.63200378417969,
                "yLen": 31.332000732421875,
                "zLen": 91.12580108642578
            },
            "scale": [
                1.0,
                1.0,
                1.0
            ],
            "pos": [
                4.4054,
                1.9922779846191407,
                0.21689
            ],
            "rot": [
                0.0,
                -0.70711,
                0.0,
                0.70711
            ],
            "category": "Pendant Lamp",
            "floor": [
                [
                    2.6657,
                    2.4422
                ],
                [
                    5.7286,
                    2.4422
                ],
                [
                    5.7286,
                    -2.519
                ],
                [
                    2.6657,
                    -2.519
                ],
                [
                    2.6657,
                    2.4422
                ]
            ],
            "unormalized_bbox": [
                [
                    3.8872399810791016,
                    1.9922779846191407,
                    -0.23873900543212892
                ],
                [
                    4.923560018920899,
                    2.1489379882812503,
                    0.672519005432129
                ]
            ],
            "new_bbox": [
                [
                    0.39881810737506984,
                    0.7969111938476563,
                    0.4596188411206707
                ],
                [
                    0.737164131679421,
                    0.8595751953125002,
                    0.6432957763105961
                ]
            ],
            "type": "lamp",
            "rotation": 18.0
        },
        {
            "jid": "76e0d12a-1643-4c91-974b-c52cb70ef876",
            "category_id": "2dd2368f-a3eb-43c2-8a6b-d585cd19d9a6",
            "size": {
                "xLen": 144.72000122070312,
                "yLen": 61.302101135253906,
                "zLen": 209.906005859375
            },
            "scale": [
                1.0,
                1.0,
                1.0
            ],
            "pos": [
                4.703500000000001,
                0.0,
                -2.1807
            ],
            "rot": [
                0.0,
                0.0,
                0.0,
                1.0
            ],
            "category": "Wardrobe",
            "floor": [
                [
                    2.6657,
                    2.4422
                ],
                [
                    5.7286,
                    2.4422
                ],
                [
                    5.7286,
                    -2.519
                ],
                [
                    2.6657,
                    -2.519
                ],
                [
                    2.6657,
                    2.4422
                ]
            ],
            "unormalized_bbox": [
                [
                    3.979899993896485,
                    0.0,
                    -3.230230029296875
                ],
                [
                    5.427100006103516,
                    0.30651050567626953,
                    -1.1311699707031249
                ]
            ],
            "new_bbox": [
                [
                    0.4290704867597653,
                    0.0,
                    -0.1433584675677003
                ],
                [
                    0.9015638793638434,
                    0.1226042022705078,
                    0.27973676314135193
                ]
            ],
            "type": "wardrobe",
            "rotation": 0.0
        }
    ],
    "bbox": [
        3.0629,
        2.5,
        4.9612
    ],