{
    "id": "SecondBedroom-518",
    "valid_objects": [
        {
            "jid": "f615b69a-6791-408c-85e3-8ac19e33dda0",
            "category_id": "5c76d84c-aa8c-4bb8-88fc-cbf8da81be71",
            "size": {
                "xLen": 198.7010040283203,
                "yLen": 80.05110168457031,
                "zLen": 72.49240112304688
            },
            "scale": [
                0.5373609551684914,
                1.0,
                0.6967012400716782
            ],
            "pos": [
                -1.6038700000000001,
                0.0,
                3.93614
            ],
            "rot": [
                0.0,
                1.0,
                0.0,
                0.0
            ],
            "category": "Desk",
            "floor": [
                [
                    -3.86,
                    4.215
                ],
                [
                    -1.07,
                    4.215
                ],
                [
                    -1.07,
                    1.445
                ],
                [
                    -3.86,
                    1.445
                ],
                [
                    -3.86,
                    4.215
                ]
            ],
            "unormalized_bbox": [
                [
                    -2.5973750201416017,
                    0.0,
                    3.5736779943847656
                ],
                [
                    -0.6103649798583985,
                    0.40025550842285157,
                    4.298602005615234
                ]
            ],
            "new_bbox": [
                [
                    0.45255375622164806,
                    0.0,
                    0.7684758102472078
                ],
                [
                    1.1647437348177783,
                    0.16010220336914063,
                    1.0301812294639836
                ]
            ],
            "type": "desk",
            "rotation": 0.0
        },
        {
            "jid": "9c1a14d3-690d-4206-8286-ed1bb27bad97",
            "category_id": "6b1f9a31-9363-4e63-ae8d-28b5277aebf0",
            "size": {
                "xLen": 53.87099838256836,
                "yLen": 52.11069869995117,
                "zLen": 82.21949768066406
            },
            "scale": [
                1.0281877323110766,
                1.0,
                1.316307366922765
            ],
            "pos": [
                -1.4586111516758749,
                0.0,
                3.34646
            ],
            "rot": [
                0.0,
                0.92388,
                0.0,
                0.38268
            ],
            "category": "Lounge Chair / Cafe Chair / Office Chair",
            "floor": [
                [
                    -3.86,
                    4.215
                ],
                [
                    -1.07,
                    4.215
                ],
                [
                    -1.07,
                    1.445
                ],
                [
                    -3.86,
                    1.445
                ],
                [
                    -3.86,
                    4.215
                ]
            ],
            "unormalized_bbox": [
                [
                    -1.7279661435887166,
                    0.0,
                    2.9353625115966797
                ],
                [
                    -1.1892561597630331,
                    0.2605534934997559,
                    3.7575574884033203
                ]
            ],
            "new_bbox": [
                [
                    0.7641698410076283,
                    0.0,
                    0.5380370077966353
                ],
                [
                    0.9572558567157587,
                    0.10422139739990235,
                    0.8348582990625707
                ]
            ],
            "type": "chair",
            "rotation": 2.0
        },
        {
            "jid": "6f3873d8-0c7b-46dc-9a64-928ab7aa4059",
            "category_id": "2374eec6-a564-4f13-ba49-df54fe5b01f5",
            "size": {
                "xLen": 55.17789840698242,
                "yLen": 55.17789840698242,
                "zLen": 7.0075201988220215
            },
            "scale": [
                1.1199636409526597,
                1.0,
                1.1199636409526597
            ],
            "pos": [
                -2.465,
                2.72145,
                3.12459
            ],
            "rot": [
                0.0,
                0.0,
                0.0,
                1.0
            ],
            "category": "Ceiling Lamp",
            "floor": [
                [
                    -3.86,
                    4.215
                ],
                [
                    -1.07,
                    4.215
                ],
                [
                    -1.07,
                    1.445
                ],
                [
                    -3.86,
                    1.445
                ],
                [
                    -3.86,
                    4.215
                ]
            ],
            "unormalized_bbox": [
                [
                    -2.740889492034912,
                    2.72145,
                    3.08955239900589
                ],
                [
                    -2.1891105079650877,
                    2.997339492034912,
                    3.15962760099411
                ]
            ],
            "new_bbox": [
                [
                    0.4011148774068415,
                    1.0885799999999999,
                    0.5937012270779387
                ],
                [
                    0.5988851225931585,
                    1.198935796813965,
                    0.6189991339328917
                ]
            ],
            "type": "lamp",
            "rotation": 0.0
        }
    ],
    "bbox": [
        2.79,
        2.5,
        2.7699999999999996
    ],
    "existing_objects": [
        0.0,
        1.0,
        0.0,
        0.0,
        0.0,
        0.0,
        0.0,
        0.0,
        1.0,
        0.0,
        0.0,
        0.0,
        0.0,
        0.0,
        0.0,
        0.0
    ]
}