{
    "id": "SecondBedroom-26564",
    "valid_objects": [
        {
            "jid": "7aecd672-7b37-41ed-9674-43e0a4cb0845",
            "category_id": "41ac92b5-5f88-46d0-a59a-e1ed31739154",
            "size": {
                "xLen": 193.40699768066406,
                "yLen": 220.48399353027344,
                "zLen": 94.37979888916016
            },
            "scale": [
                1.001178844762113,
                1.0,
                0.9911739663530693
            ],
            "pos": [
                -6.523048985653897,
                0.0,
                1.6533184867881239
            ],
            "rot": [
                0.0,
                0.70711,
                0.0,
                0.70711
            ],
            "category": "King-size Bed",
            "floor": [
                [
                    -7.71865,
                    4.3566
                ],
                [
                    -4.172,
                    4.3566
                ],
                [
                    -4.172,
                    -0.2444
                ],
                [
                    -7.71865,
                    -0.2444
                ],
                [
                    -7.71865,
                    4.3566
                ]
            ],
            "unormalized_bbox": [
                [
                    -7.490083974057217,
                    0.0,
                    1.1814194923423231
                ],
                [
                    -5.556013997250577,
                    1.1024199676513673,
                    2.125217481233925
                ]
            ],
            "new_bbox": [
                [
                    0.06444561091249004,
                    0.0,
                    0.309893391076358
                ],
                [
                    0.6097686557031065,
                    0.4409679870605469,
                    0.5150222736870083
                ]
            ],
            "type": "bed",
            "rotation": 6.0
        },
        {
            "jid": "9c4424b3-ed58-4cf8-b1b5-7c75dcf54286",
            "category_id": "89404b8a-5bb6-42cf-95fa-73c9bfba4c97",
            "size": {
                "xLen": 65.54429626464844,
                "yLen": 46.984100341796875,
                "zLen": 57.17020034790039
            },
            "scale": [
                1.0,
                1.0,
                1.0
            ],
            "pos": [
                -7.480553648720624,
                0.0,
                2.952109663712739
            ],
            "rot": [
                0.0,
                0.70711,
                0.0,
                0.70711
            ],
            "category": "Nightstand",
            "floor": [
                [
                    -7.71865,
                    4.3566
                ],
                [
                    -4.172,
                    4.3566
                ],
                [
                    -4.172,
                    -0.2444
                ],
                [
                    -7.71865,
                    -0.2444
                ],
                [
                    -7.71865,
                    4.3566
                ]
            ],
            "unormalized_bbox": [
                [
                    -7.808275130043866,
                    0.0,
                    2.666258661973237
                ],
                [
                    -7.152832167397382,
                    0.23492050170898438,
                    3.237960665452241
                ]
            ],
            "new_bbox": [
                [
                    -0.02527036218512291,
                    0.0,
                    0.632614358177187
                ],
                [
                    0.1595358528759866,
                    0.09396820068359375,
                    0.7568703902308718
                ]
            ],
            "type": "nightstand",
            "rotation": 6.0
        },
        {
            "jid": "9c4424b3-ed58-4cf8-b1b5-7c75dcf54286",
            "category_id": "89404b8a-5bb6-42cf-95fa-73c9bfba4c97",
            "size": {
                "xLen": 65.54429626464844,
                "yLen": 46.984100341796875,
                "zLen": 57.17020034790039
            },
            "scale": [
                1.0,
                1.0,
                1.0
            ],
            "pos": [
                -7.475424588005966,
                0.0,
                0.34724761048151354
            ],
            "rot": [
                0.0,
                0.70711,
                0.0,
                0.70711
            ],
            "category": "Nightstand",
            "floor": [
                [
                    -7.71865,
                    4.3566
                ],
                [
                    -4.172,
                    4.3566
                ],
                [
                    -4.172,
                    -0.2444
                ],
                [
                    -7.71865,
                    -0.2444
                ],
                [
                    -7.71865,
                    4.3566
                ]
            ],
            "unormalized_bbox": [
                [
                    -7.803146069329208,
                    0.0,
                    0.06139660874201158
                ],
                [
                    -7.147703106682724,
                    0.23492050170898438,
                    0.6330986122210155
                ]
            ],
            "new_bbox": [
                [
                    -0.02382419165387276,
                    0.0,
                    0.066463075144971
                ],
                [
                    0.16098202340723675,
                    0.09396820068359375,
                    0.19071910719865584
                ]
            ],
            "type": "nightstand",
            "rotation": 6.0
        }
    ],
    "bbox": [
        3.5466500000000005,
        2.5,
        4.601
    ],
    "existing_objects": [
        0.0,
        0.0,
        0.0,
        0.0,
        0.0,
        0.0,
        0.0,
        0.0,
        0.0,
        0.0,
        1.0,
        0.0,
        0.0,
        0.0,
        0.0,
        0.0
    ]
}