{
    "id": "Bedroom-11360",
    "valid_objects": [
        {
            "jid": "3db8d396-f996-45ef-b4e0-95dd9ffdde2c",
            "category_id": "41ac92b5-5f88-46d0-a59a-e1ed31739154",
            "size": {
                "xLen": 217.80099487304688,
                "yLen": 221.52200317382812,
                "zLen": 91.28350067138672
            },
            "scale": [
                1.0,
                1.0,
                1.0
            ],
            "pos": [
                -2.0507083834476787,
                0.0,
                0.5865279428672959
            ],
            "rot": [
                0.0,
                0.70711,
                0.0,
                0.70711
            ],
            "category": "King-size Bed",
            "floor": [
                [
                    -3.165,
                    2.497
                ],
                [
                    -0.3172,
                    2.497
                ],
                [
                    -0.3172,
                    -1.7191
                ],
                [
                    -3.165,
                    -1.7191
                ],
                [
                    -3.165,
                    2.497
                ]
            ],
            "unormalized_bbox": [
                [
                    -3.139713357812913,
                    0.0,
                    0.13011043951036233
                ],
                [
                    -0.9617034090824443,
                    1.1076100158691407,
                    1.0429454462242296
                ]
            ],
            "new_bbox": [
                [
                    0.008879360273575035,
                    0.0,
                    0.43860687353486927
                ],
                [
                    0.7736837526924488,
                    0.4430440063476563,
                    0.6551185802576385
                ]
            ],
            "type": "bed",
            "rotation": 6.0
        },
        {
            "jid": "bdb14156-5e8c-4f35-a064-be724505d5aa",
            "category_id": "2dd2368f-a3eb-43c2-8a6b-d585cd19d9a6",
            "size": {
                "xLen": 155.79200744628906,
                "yLen": 64.0165023803711,
                "zLen": 253.9969940185547
            },
            "scale": [
                1.0,
                1.0,
                1.0
            ],
            "pos": [
                -2.1863140671277113,
                0.0,
                -1.3717754082238345
            ],
            "rot": [
                0.0,
                0.0,
                0.0,
                1.0
            ],
            "category": "Wardrobe",
            "floor": [
                [
                    -3.165,
                    2.497
                ],
                [
                    -0.3172,
                    2.497
                ],
                [
                    -0.3172,
                    -1.7191
                ],
                [
                    -3.165,
                    -1.7191
                ],
                [
                    -3.165,
                    2.497
                ]
            ],
            "unormalized_bbox": [
                [
                    -2.965274104359157,
                    0.0,
                    -2.641760378316608
                ],
                [
                    -1.407354029896266,
                    0.3200825119018555,
                    -0.10179043813106103
                ]
            ],
            "new_bbox": [
                [
                    0.07013339969128563,
                    0.0,
                    -0.2188421475573653
                ],
                [
                    0.6171943149461809,
                    0.1280330047607422,
                    0.38360322617322623
                ]
            ],
            "type": "wardrobe",
            "rotation": 0.0
        },
        {
            "jid": "24d58179-b687-4920-8652-a66745d787d7",
            "category_id": "89404b8a-5bb6-42cf-95fa-73c9bfba4c97",
            "size": {
                "xLen": 65.0,
                "yLen": 40.099700927734375,
                "zLen": 48.48889923095703
            },
            "scale": [
                1.0,
                1.0,
                1.0
            ],
            "pos": [
                -2.9155836837489484,
                0.0,
                -0.6987901709376767
            ],
            "rot": [
                0.0,
                0.70711,
                0.0,
                0.70711
            ],
            "category": "Nightstand",
            "floor": [
                [
                    -3.165,
                    2.497
                ],
                [
                    -0.3172,
                    2.497
                ],
                [
                    -0.3172,
                    -1.7191
                ],
                [
                    -3.165,
                    -1.7191
                ],
                [
                    -3.165,
                    2.497
                ]
            ],
            "unormalized_bbox": [
                [
                    -3.2405836837489486,
                    0.0,
                    -0.9412346670924618
                ],
                [
                    -2.590583683748948,
                    0.2004985046386719,
                    -0.45634567478289156
                ]
            ],
            "new_bbox": [
                [
                    -0.02654107863928244,
                    0.0,
                    0.18449878629717945
                ],
                [
                    0.2017052869762806,
                    0.08019940185546875,
                    0.29950767894905445
                ]
            ],
            "type": "nightstand",
            "rotation": 6.0
        },
        {
            "jid": "24d58179-b687-4920-8652-a66745d787d7",
            "category_id": "89404b8a-5bb6-42cf-95fa-73c9bfba4c97",
            "size": {
                "xLen": 65.0,
                "yLen": 40.099700927734375,
                "zLen": 48.48889923095703
            },
            "scale": [
                1.0,
                1.0,
                1.0
            ],
            "pos": [
                -2.9141155504528014,
                0.0,
                1.9414081574393054
            ],
            "rot": [
                0.0,
                0.70711,
                0.0,
                0.70711
            ],
            "category": "Nightstand",
            "floor": [
                [
                    -3.165,
                    2.497
                ],
                [
                    -0.3172,
                    2.497
                ],
                [
                    -0.3172,
                    -1.7191
                ],
                [
                    -3.165,
                    -1.7191
                ],
                [
                    -3.165,
                    2.497
                ]
            ],
            "unormalized_bbox": [
                [
                    -3.2391155504528015,
                    0.0,
                    1.6989636612845203
                ],
                [
                    -2.589115550452801,
                    0.2004985046386719,
                    2.1838526535940908
                ]
            ],
            "new_bbox": [
                [
                    -0.026025546194536658,
                    0.0,
                    0.810716933014995
                ],
                [
                    0.20222081942102638,
                    0.08019940185546875,
                    0.92572582566687
                ]
            ],
            "type": "nightstand",
            "rotation": 6.0
        },
        {
            "jid": "4b82d587-f110-41ab-a8cf-49e33db9bd37",
            "category_id": "a1804c08-fbdc-4696-9c38-3d3b143c1b02",