{
    "id": "Bedroom-7296",
    "valid_objects": [
        {
            "jid": "05171e1a-b921-4f6e-b277-13fb330495b9",
            "category_id": "2dd2368f-a3eb-43c2-8a6b-d585cd19d9a6",
            "size": {
                "xLen": 125.0,
                "yLen": 60.0,
                "zLen": 210.24099731445312
            },
            "scale": [
                1.0,
                1.0,
                1.0
            ],
            "pos": [
                4.92272,
                0.0,
                2.38533
            ],
            "rot": [
                0.0,
                0.0,
                0.0,
                1.0
            ],
            "category": "Wardrobe",
            "floor": [
                [
                    1.987,
                    6.0509
                ],
                [
                    5.7135,
                    6.0509
                ],
                [
                    5.7135,
                    2.08506
                ],
                [
                    3.0341,
                    2.08506
                ],
                [
                    3.0341,
                    1.15
                ],
                [
                    1.987,
                    1.15
                ],
                [
                    1.987,
                    6.0509
                ]
            ],
            "unormalized_bbox": [
                [
                    4.29772,
                    0.0,
                    1.3341250134277345
                ],
                [
                    5.54772,
                    0.3,
                    3.4365349865722656
                ]
            ],
            "new_bbox": [
                [
                    0.6200778210116732,
                    0.0,
                    0.03756963280779746
                ],
                [
                    0.9555132161545686,
                    0.12,
                    0.4665540995678887
                ]
            ],
            "type": "wardrobe",
            "rotation": 0.0
        },
        {
            "jid": "2bba3e93-a195-4af7-949d-ab8b3e9c64c9",
            "category_id": "41ac92b5-5f88-46d0-a59a-e1ed31739154",
            "size": {
                "xLen": 225.5679931640625,
                "yLen": 225.23199462890625,
                "zLen": 136.5050048828125
            },
            "scale": [
                1.0,
                1.0,
                1.0
            ],
            "pos": [
                4.574782252061631,
                0.0,
                4.0406854261532406
            ],
            "rot": [
                0.0,
                -0.70711,
                0.0,
                0.70711
            ],
            "category": "King-size Bed",
            "floor": [
                [
                    1.987,
                    6.0509
                ],
                [
                    5.7135,
                    6.0509
                ],
                [
                    5.7135,
                    2.08506
                ],
                [
                    3.0341,
                    2.08506
                ],
                [
                    3.0341,
                    1.15
                ],
                [
                    1.987,
                    1.15
                ],
                [
                    1.987,
                    6.0509
                ]
            ],
            "unormalized_bbox": [
                [
                    3.4469422862413186,
                    0.0,
                    3.358160401739178
                ],
                [
                    5.7026222178819435,
                    1.1261599731445313,
                    4.723210450567303
                ]
            ],
            "new_bbox": [
                [
                    0.39177305413694313,
                    0.0,
                    0.4505622236199837
                ],
                [
                    0.9970809654855611,
                    0.4504639892578125,
                    0.7290927075776497
                ]
            ],
            "type": "bed",
            "rotation": 18.0
        },
        {
            "jid": "2bba3e93-a195-4af7-949d-ab8b3e9c64c9",
            "category_id": "41ac92b5-5f88-46d0-a59a-e1ed31739154",
            "size": {
                "xLen": 225.5679931640625,
                "yLen": 225.23199462890625,
                "zLen": 136.5050048828125
            },
            "scale": [
                1.0,
                1.0,
                1.0
            ],
            "pos": [
                4.574782252061631,
                0.0,
                4.672604573846759
            ],
            "rot": [
                0.0,
                -0.70711,
                0.0,
                0.70711
            ],
            "category": "King-size Bed",
            "floor": [
                [
                    1.987,
                    6.0509
                ],
                [
                    5.7135,
                    6.0509
                ],
                [
                    5.7135,
                    2.08506
                ],
                [
                    3.0341,
                    2.08506
                ],
                [
                    3.0341,
                    1.15
                ],
                [
                    1.987,
                    1.15
                ],
                [
                    1.987,
                    6.0509
                ]
            ],
            "unormalized_bbox": [
                [
                    3.4469422862413186,
                    0.0,
                    3.990079549432697
                ],
                [
                    5.7026222178819435,
                    1.1261599731445313,
                    5.355129598260822
                ]
            ],
            "new_bbox": [
                [
                    0.39177305413694313,
                    0.0,
                    0.5795016322374864
                ],
                [
                    0.9970809654855611,
                    0.4504639892578125,
                    0.8580321161951523
                ]
            ],
            "type": "bed",
            "rotation": 18.0
        },
        {
            "jid": "5d7599de-9aa0-45f8-aea1-2d492aac6bcb",
            "category_id": "fd556cb2-0677-4e11-961c-497375ae1f29",
            "size": {
                "xLen": 93.64240264892578,
                "yLen": 25.737499237060547,
                "zLen": 149.8280029296875
            },
            "scale": [
                1.0,
                1.0,
                1.0
            ],
            "pos": [
                3.59488,
                0.0,
                2.35347
            ],
            "rot": [
                0.0,
                0.0,
                0.0,
                1.0
            ],
            "category": "Shelf",
            "floor": [
                [
                    1.987,
                    6.0509
                ],
                [
                    5.7135,
                    6.0509
                ],
                [
                    5.7135,
                    2.08506
                ],
                [
                    3.0341,
                    2.08506
                ],
                [
                    3.0341,
                    1.15
                ],
                [
                    1.987,
                    1.15
                ],
                [
                    1.987,
                    6.0509
                ]
            ],
            "unormalized_bbox": [
                [
                    3.126667986755371,
                    0.0,
                    1.6043299853515627
                ],
                [
                    4.063092013244629,
                    0.12868749618530273,
                    3.1026100146484374
                ]
            ],