{
    "id": "MasterBedroom-76782",
    "valid_objects": [
        {
            "jid": "58fabe3e-ceb0-4886-a702-45a948d0af2e",
            "category_id": "e7a0801e-7abd-4634-b3bc-8777342d124e",
            "size": {
                "xLen": 50.0,
                "yLen": 50.0,
                "zLen": 65.90260314941406
            },
            "scale": [
                1.0,
                1.0,
                1.0
            ],
            "pos": [
                0.5452,
                1.9892129516601562,
                -3.0987
            ],
            "rot": [
                0.0,
                0.0,
                0.0,
                1.0
            ],
            "category": "Pendant Lamp",
            "floor": [
                [
                    -1.2835,
                    -1.5297
                ],
                [
                    1.7512,
                    -1.5297
                ],
                [
                    1.7512,
                    -4.3274
                ],
                [
                    -1.2835,
                    -4.3274
                ],
                [
                    -1.2835,
                    -1.5297
                ]
            ],
            "unormalized_bbox": [
                [
                    0.2952,
                    1.9892129516601562,
                    -3.4282130157470703
                ],
                [
                    0.7952,
                    2.239212951660156,
                    -2.7691869842529298
                ]
            ],
            "new_bbox": [
                [
                    0.5202161663426368,
                    0.7956851806640625,
                    0.32140221762623933
                ],
                [
                    0.6849770982304676,
                    0.8956851806640624,
                    0.5569621531068629
                ]
            ],
            "type": "lamp",
            "rotation": 0.0
        },
        {
            "jid": "6321e604-9437-4090-ba2c-af5567201483",
            "category_id": "41ac92b5-5f88-46d0-a59a-e1ed31739154",
            "size": {
                "xLen": 200.5330047607422,
                "yLen": 208.38999938964844,
                "zLen": 97.00630187988281
            },
            "scale": [
                1.0,
                1.0,
                1.0
            ],
            "pos": [
                0.6681000000000001,
                0.0,
                -3.280788892357931
            ],
            "rot": [
                0.0,
                0.0,
                0.0,
                1.0
            ],
            "category": "King-size Bed",
            "floor": [
                [
                    -1.2835,
                    -1.5297
                ],
                [
                    1.7512,
                    -1.5297
                ],
                [
                    1.7512,
                    -4.3274
                ],
                [
                    -1.2835,
                    -4.3274
                ],
                [
                    -1.2835,
                    -1.5297
                ]
            ],
            "unormalized_bbox": [
                [
                    -0.3345650238037108,
                    0.0,
                    -3.765820401757345
                ],
                [
                    1.670765023803711,
                    1.0419499969482422,
                    -2.795757382958517
                ]
            ],
            "new_bbox": [
                [
                    0.31269482195811427,
                    0.0,
                    0.20072902678723775
                ],
                [
                    0.973494916731048,
                    0.4167799987792969,
                    0.5474649237021422
                ]
            ],
            "type": "bed",
            "rotation": 0.0
        },
        {
            "jid": "4b82d587-f110-41ab-a8cf-49e33db9bd37",
            "category_id": "a1804c08-fbdc-4696-9c38-3d3b143c1b02",
            "size": {
                "xLen": 187.3509979248047,
                "yLen": 43.75389862060547,
                "zLen": 81.57209777832031
            },
            "scale": [
                1.0,
                1.0,
                1.0
            ],
            "pos": [
                0.6769000000000001,
                0.0,
                -1.7505549923017085
            ],
            "rot": [
                0.0,
                1.0,
                0.0,
                0.0
            ],
            "category": "TV Stand",
            "floor": [
                [
                    -1.2835,
                    -1.5297
                ],
                [
                    1.7512,
                    -1.5297
                ],
                [
                    1.7512,
                    -4.3274
                ],
                [
                    -1.2835,
                    -4.3274
                ],
                [
                    -1.2835,
                    -1.5297
                ]
            ],
            "unormalized_bbox": [
                [
                    -0.2598549896240234,
                    0.0,
                    -2.15841548119331
                ],
                [
                    1.6136549896240235,
                    0.21876949310302735,
                    -1.342694503410107
                ]
            ],
            "new_bbox": [
                [
                    0.33731341166374823,
                    0.0,
                    0.7752741604913644
                ],
                [
                    0.9546759118278656,
                    0.08750779724121094,
                    1.066842583761623
                ]
            ],
            "type": "stand",
            "rotation": 0.0
        },
        {
            "jid": "bdb14156-5e8c-4f35-a064-be724505d5aa",
            "category_id": "2dd2368f-a3eb-43c2-8a6b-d585cd19d9a6",
            "size": {
                "xLen": 155.79200744628906,
                "yLen": 64.0165023803711,
                "zLen": 253.9969940185547
            },
            "scale": [
                1.0,
                1.0,
                1.0
            ],
            "pos": [
                -0.9622972090167334,
                0.0,
                -3.3774999999999995
            ],
            "rot": [
                0.0,
                0.70711,
                0.0,
                0.70711
            ],
            "category": "Wardrobe",
            "floor": [
                [
                    -1.2835,
                    -1.5297
                ],
                [
                    1.7512,
                    -1.5297
                ],
                [
                    1.7512,
                    -4.3274
                ],
                [
                    -1.2835,
                    -4.3274
                ],
                [
                    -1.2835,
                    -1.5297
                ]
            ],
            "unormalized_bbox": [
                [
                    -1.7412572462481788,
                    0.0,
                    -4.647484970092773
                ],
                [
                    -0.18333717178528808,
                    0.3200825119018555,
                    -2.1075150299072263
                ]
            ],
            "new_bbox": [
                [
                    -0.1508410209405143,
                    0.0,
                    -0.11441004042348102
                ],
                [
                    0.36252770561001485,
                    0.1280330047607422,
                    0.7934678378999799
                ]
            ],
            "type": "wardrobe",
            "rotation": 6.0
        }
    ],
    "bbox": [
        3.0347,
        2.5,
        2.7977
    ],