{
    "id": "Bedroom-42763",
    "valid_objects": [
        {
            "jid": "71c4791c-25f1-4fa7-ba4c-0287c9dd81ad",
            "category_id": "41ac92b5-5f88-46d0-a59a-e1ed31739154",
            "size": {
                "xLen": 201.76699829101562,
                "yLen": 216.75900268554688,
                "zLen": 78.93679809570312
            },
            "scale": [
                1.0,
                1.0,
                1.0
            ],
            "pos": [
                -3.4198656454240517,
                0.0,
                -21.091939086201513
            ],
            "rot": [
                0.0,
                0.0,
                0.0,
                1.0
            ],
            "category": "King-size Bed",
            "floor": [
                [
                    -1.84112,
                    -18.35571
                ],
                [
                    -1.81944,
                    -18.35571
                ],
                [
                    -1.81944,
                    -18.47571
                ],
                [
                    -1.2372,
                    -18.47571
                ],
                [
                    -1.2372,
                    -22.2027
                ],
                [
                    -5.85112,
                    -22.2027
                ],
                [
                    -5.85112,
                    -18.47571
                ],
                [
                    -5.851,
                    -18.47571
                ],
                [
                    -5.851,
                    -18.35571
                ],
                [
                    -1.84112,
                    -18.35571
                ]
            ],
            "unormalized_bbox": [
                [
                    -4.42870063687913,
                    0.0,
                    -21.48662307668003
                ],
                [
                    -2.4110306539689734,
                    1.0837950134277343,
                    -20.697255095722998
                ]
            ],
            "new_bbox": [
                [
                    0.3082886922878745,
                    0.0,
                    0.1861395333286467
                ],
                [
                    0.7455892919753758,
                    0.43351800537109375,
                    0.3913305998396153
                ]
            ],
            "type": "bed",
            "rotation": 0.0
        },
        {
            "jid": "e26c147c-e231-4351-96ac-d73eaeebf873",
            "category_id": "5c76d84c-aa8c-4bb8-88fc-cbf8da81be71",
            "size": {
                "xLen": 145.06700134277344,
                "yLen": 54.564300537109375,
                "zLen": 93.1406021118164
            },
            "scale": [
                1.0,
                1.0,
                1.0
            ],
            "pos": [
                -5.120410724473131,
                0.0,
                -21.845856263340202
            ],
            "rot": [
                0.0,
                1.0,
                0.0,
                0.0
            ],
            "category": "Desk",
            "floor": [
                [
                    -1.84112,
                    -18.35571
                ],
                [
                    -1.81944,
                    -18.35571
                ],
                [
                    -1.81944,
                    -18.47571
                ],
                [
                    -1.2372,
                    -18.47571
                ],
                [
                    -1.2372,
                    -22.2027
                ],
                [
                    -5.85112,
                    -22.2027
                ],
                [
                    -5.85112,
                    -18.47571
                ],
                [
                    -5.851,
                    -18.47571
                ],
                [
                    -5.851,
                    -18.35571
                ],
                [
                    -1.84112,
                    -18.35571
                ]
            ],
            "unormalized_bbox": [
                [
                    -5.845745731186998,
                    0.0,
                    -22.311559273899285
                ],
                [
                    -4.395075717759264,
                    0.2728215026855469,
                    -21.38015325278112
                ]
            ],
            "new_bbox": [
                [
                    0.0011647945376170041,
                    0.0,
                    -0.028297259389622628
                ],
                [
                    0.31557640406438253,
                    0.10912860107421876,
                    0.21381567075008756
                ]
            ],
            "type": "desk",
            "rotation": 0.0
        },
        {
            "jid": "3cbe01fc-2f48-40e6-8a0a-b57f8e6635c7",
            "category_id": "2dd2368f-a3eb-43c2-8a6b-d585cd19d9a6",
            "size": {
                "xLen": 291.572998046875,
                "yLen": 63.02450180053711,
                "zLen": 249.98800659179688
            },
            "scale": [
                1.0,
                1.0,
                1.0
            ],
            "pos": [
                -1.5550992922800226,
                0.0,
                -20.742687777843138
            ],
            "rot": [
                0.0,
                -0.70711,
                0.0,
                0.70711
            ],
            "category": "Wardrobe",
            "floor": [
                [
                    -1.84112,
                    -18.35571
                ],
                [
                    -1.81944,
                    -18.35571
                ],
                [
                    -1.81944,
                    -18.47571
                ],
                [
                    -1.2372,
                    -18.47571
                ],
                [
                    -1.2372,
                    -22.2027
                ],
                [
                    -5.85112,
                    -22.2027
                ],
                [
                    -5.85112,
                    -18.47571
                ],
                [
                    -5.851,
                    -18.47571
                ],
                [
                    -5.851,
                    -18.35571
                ],
                [
                    -1.84112,
                    -18.35571
                ]
            ],
            "unormalized_bbox": [
                [
                    -3.012964282514398,
                    0.0,
                    -21.992627810802123
                ],
                [
                    -0.09723430204564765,
                    0.31512250900268557,
                    -19.492747744884152
                ]
            ],
            "new_bbox": [
                [
                    0.6151289397054136,
                    0.0,
                    0.05460689765189852
                ],
                [
                    1.2470709717451434,
                    0.12604900360107424,
                    0.704434442282368
                ]
            ],
            "type": "wardrobe",
            "rotation": 18.0
        },
        {
            "jid": "c671816b-ef3f-41f5-a18c-5b2aac4a0f15",
            "category_id": "5ad47fd2-b143-4af2-9961-e88a57b4a337",
            "size": {
                "xLen": 50.19200134277344,
                "yLen": 51.689998626708984,
                "zLen": 51.286598205566406
            },
            "scale": [
                1.0,
                1.0,
                1.0
            ],
            "pos": [
                -2.214049348104025,
                0.0,
                -21.938167718465195
            ],