{
    "id": "MasterBedroom-2468",
    "valid_objects": [
        {
            "jid": "56b1b9fd-78a1-40d7-b20b-97b5c70f289e",
            "category_id": "41ac92b5-5f88-46d0-a59a-e1ed31739154",
            "size": {
                "xLen": 195.25599670410156,
                "yLen": 239.26499938964844,
                "zLen": 104.81900024414062
            },
            "scale": [
                1.0,
                1.0,
                1.0
            ],
            "pos": [
                0.7279010377588051,
                0.0,
                -3.3176273609104627
            ],
            "rot": [
                0.0,
                -0.70711,
                0.0,
                0.70711
            ],
            "category": "Single bed",
            "floor": [
                [
                    0.72,
                    -0.89
                ],
                [
                    1.93,
                    -0.89
                ],
                [
                    1.93,
                    -5.13
                ],
                [
                    -0.91,
                    -5.13
                ],
                [
                    -0.91,
                    -0.89
                ],
                [
                    0.72,
                    -0.89
                ]
            ],
            "unormalized_bbox": [
                [
                    -0.24837894576170272,
                    0.0,
                    -3.841722362131166
                ],
                [
                    1.704181021279313,
                    1.1963249969482421,
                    -2.7935323596897597
                ]
            ],
            "new_bbox": [
                [
                    0.23296515994306244,
                    0.0,
                    0.30383906553510237
                ],
                [
                    0.9204862750983497,
                    0.47852999877929686,
                    0.5510536887524151
                ]
            ],
            "type": "bed",
            "rotation": 18.0
        },
        {
            "jid": "98b08568-12ed-4b14-b2d8-4722e4c341ce",
            "category_id": "2dd2368f-a3eb-43c2-8a6b-d585cd19d9a6",
            "size": {
                "xLen": 101.93399810791016,
                "yLen": 42.84450149536133,
                "zLen": 211.9409942626953
            },
            "scale": [
                1.0,
                1.0,
                1.0
            ],
            "pos": [
                1.1322,
                0.0,
                -1.19
            ],
            "rot": [
                0.0,
                -1.0,
                0.0,
                0.0
            ],
            "category": "Wardrobe",
            "floor": [
                [
                    0.72,
                    -0.89
                ],
                [
                    1.93,
                    -0.89
                ],
                [
                    1.93,
                    -5.13
                ],
                [
                    -0.91,
                    -5.13
                ],
                [
                    -0.91,
                    -0.89
                ],
                [
                    0.72,
                    -0.89
                ]
            ],
            "unormalized_bbox": [
                [
                    0.6225300094604493,
                    0.0,
                    -2.2497049713134762
                ],
                [
                    1.6418699905395508,
                    0.21422250747680663,
                    -0.13029502868652343
                ]
            ],
            "new_bbox": [
                [
                    0.5396232427677639,
                    0.0,
                    0.6793148652562555
                ],
                [
                    0.8985457713167433,
                    0.08568900299072266,
                    1.1791757007814803
                ]
            ],
            "type": "wardrobe",
            "rotation": 0.0
        },
        {
            "jid": "6aa24c17-8976-44be-b3ec-e66c430512f0",
            "category_id": "e7a0801e-7abd-4634-b3bc-8777342d124e",
            "size": {
                "xLen": 67.39849853515625,
                "yLen": 67.40039825439453,
                "zLen": 126.10399627685547
            },
            "scale": [
                1.0,
                1.0,
                1.0
            ],
            "pos": [
                1.5908692576143393,
                0.8889600372314452,
                -2.1834526408891968
            ],
            "rot": [
                0.0,
                0.0,
                0.0,
                1.0
            ],
            "category": "Pendant Lamp",
            "floor": [
                [
                    0.72,
                    -0.89
                ],
                [
                    1.93,
                    -0.89
                ],
                [
                    1.93,
                    -5.13
                ],
                [
                    -0.91,
                    -5.13
                ],
                [
                    -0.91,
                    -0.89
                ],
                [
                    0.72,
                    -0.89
                ]
            ],
            "unormalized_bbox": [
                [
                    1.253876764938558,
                    0.8889600372314452,
                    -2.8139726222734742
                ],
                [
                    1.9278617502901205,
                    1.2259620285034178,
                    -1.5529326595049193
                ]
            ],
            "new_bbox": [
                [
                    0.7619284383586472,
                    0.35558401489257807,
                    0.5462328721053127
                ],
                [
                    0.9992470951725777,
                    0.49038481140136714,
                    0.8436479576639341
                ]
            ],
            "type": "lamp",
            "rotation": 0.0
        },
        {
            "jid": "6aa24c17-8976-44be-b3ec-e66c430512f0",
            "category_id": "e7a0801e-7abd-4634-b3bc-8777342d124e",
            "size": {
                "xLen": 67.39849853515625,
                "yLen": 67.40039825439453,
                "zLen": 126.10399627685547
            },
            "scale": [
                1.0,
                1.0,
                1.0
            ],
            "pos": [
                1.5909045593081519,
                0.8889600372314452,
                -4.467686296652889
            ],
            "rot": [
                0.0,
                0.0,
                0.0,
                1.0
            ],
            "category": "Pendant Lamp",
            "floor": [
                [
                    0.72,
                    -0.89
                ],
                [
                    1.93,
                    -0.89
                ],
                [
                    1.93,
                    -5.13
                ],
                [
                    -0.91,
                    -5.13
                ],
                [
                    -0.91,
                    -0.89
                ],
                [
                    0.72,
                    -0.89
                ]
            ],
            "unormalized_bbox": [
                [
                    1.2539120666323706,
                    0.8889600372314452,
                    -5.098206278037167
                ],
                [
                    1.9278970519839331,
                    1.2259620285034178,
                    -3.837166315268612
                ]
            ],