{
    "id": "Bedroom-283",
    "valid_objects": [
        {
            "jid": "9b07bdb0-5645-4588-b202-9ef637971c46",
            "category_id": "41ac92b5-5f88-46d0-a59a-e1ed31739154",
            "size": {
                "xLen": 238.0570068359375,
                "yLen": 228.5590057373047,
                "zLen": 134.51800537109375
            },
            "scale": [
                1.0,
                1.0,
                1.0
            ],
            "pos": [
                -1.868661079237196,
                0.0,
                3.4533500000000004
            ],
            "rot": [
                0.0,
                -0.70711,
                0.0,
                -0.70711
            ],
            "category": "King-size Bed",
            "floor": [
                [
                    -3.0244,
                    4.8748
                ],
                [
                    0.1015,
                    4.8748
                ],
                [
                    0.1015,
                    1.2769
                ],
                [
                    -3.0244,
                    1.2769
                ],
                [
                    -3.0244,
                    4.8748
                ]
            ],
            "unormalized_bbox": [
                [
                    -3.0589461134168836,
                    0.0,
                    2.780759973144532
                ],
                [
                    -0.6783760450575085,
                    1.1427950286865234,
                    4.125940026855469
                ]
            ],
            "new_bbox": [
                [
                    -0.011051573440251969,
                    0.0,
                    0.4179827046734295
                ],
                [
                    0.7505115182643372,
                    0.45711801147460934,
                    0.7918619269172209
                ]
            ],
            "type": "bed",
            "rotation": 6.0
        },
        {
            "jid": "00da6e71-e633-480c-9102-5e1f5423cf5d",
            "category_id": "e7a0801e-7abd-4634-b3bc-8777342d124e",
            "size": {
                "xLen": 26.83009910583496,
                "yLen": 26.83009910583496,
                "zLen": 159.4969940185547
            },
            "scale": [
                1.0,
                1.0,
                1.0
            ],
            "pos": [
                -1.3334,
                1.0050100341796877,
                3.21515
            ],
            "rot": [
                0.0,
                -1.0,
                0.0,
                0.0
            ],
            "category": "Pendant Lamp",
            "floor": [
                [
                    -3.0244,
                    4.8748
                ],
                [
                    0.1015,
                    4.8748
                ],
                [
                    0.1015,
                    1.2769
                ],
                [
                    -3.0244,
                    1.2769
                ],
                [
                    -3.0244,
                    4.8748
                ]
            ],
            "unormalized_bbox": [
                [
                    -1.4675504955291747,
                    1.0050100341796877,
                    2.4176650299072264
                ],
                [
                    -1.1992495044708251,
                    1.1391605297088625,
                    4.0126349700927735
                ]
            ],
            "new_bbox": [
                [
                    0.4980484034904588,
                    0.4020040136718751,
                    0.3170641290495085
                ],
                [
                    0.5838800011290107,
                    0.455664211883545,
                    0.7603699297069885
                ]
            ],
            "type": "lamp",
            "rotation": 0.0
        },
        {
            "jid": "0eafbc4c-760e-4f66-b149-78fb144fa9e7",
            "category_id": "a1804c08-fbdc-4696-9c38-3d3b143c1b02",
            "size": {
                "xLen": 180.13499450683594,
                "yLen": 40.02280044555664,
                "zLen": 49.9994010925293
            },
            "scale": [
                1.0,
                1.0,
                1.0
            ],
            "pos": [
                -0.12339028530287342,
                0.0,
                3.282987697619275
            ],
            "rot": [
                0.0,
                0.70711,
                0.0,
                -0.70711
            ],
            "category": "TV Stand",
            "floor": [
                [
                    -3.0244,
                    4.8748
                ],
                [
                    0.1015,
                    4.8748
                ],
                [
                    0.1015,
                    1.2769
                ],
                [
                    -3.0244,
                    1.2769
                ],
                [
                    -3.0244,
                    4.8748
                ]
            ],
            "unormalized_bbox": [
                [
                    -1.024065257837053,
                    0.0,
                    3.0329906921566288
                ],
                [
                    0.7772846872313063,
                    0.2001140022277832,
                    3.5329847030819215
                ]
            ],
            "new_bbox": [
                [
                    0.6399228197200636,
                    0.0,
                    0.4880876878614272
                ],
                [
                    1.2161888375288097,
                    0.08004560089111327,
                    0.6270559779543405
                ]
            ],
            "type": "stand",
            "rotation": 18.0
        }
    ],
    "bbox": [
        3.1259,
        2.5,
        3.5978999999999997
    ],
    "existing_objects": [
        0.0,
        0.0,
        0.0,
        0.0,
        0.0,
        0.0,
        0.0,
        0.0,
        1.0,
        0.0,
        0.0,
        0.0,
        0.0,
        1.0,
        0.0,
        1.0
    ]
}