{
    "id": "MasterBedroom-7197",
    "valid_objects": [
        {
            "jid": "2c0d595f-c2f4-4bf6-b81e-af86475d0d21",
            "category_id": "2dd2368f-a3eb-43c2-8a6b-d585cd19d9a6",
            "size": {
                "xLen": 238.2570037841797,
                "yLen": 46.157798767089844,
                "zLen": 246.04100036621094
            },
            "scale": [
                0.8981897556046141,
                1.0,
                1.2998886775939482
            ],
            "pos": [
                0.14590000000000033,
                0.0,
                -2.997
            ],
            "rot": [
                0.0,
                0.70711,
                0.0,
                0.70711
            ],
            "category": "Wardrobe",
            "floor": [
                [
                    -0.1541,
                    -0.8595
                ],
                [
                    4.446,
                    -0.8595
                ],
                [
                    4.446,
                    -4.067
                ],
                [
                    -0.1541,
                    -4.067
                ],
                [
                    -0.1541,
                    -0.8595
                ]
            ],
            "unormalized_bbox": [
                [
                    -1.045385018920898,
                    0.0,
                    -4.227205001831054
                ],
                [
                    1.3371850189208987,
                    0.2307889938354492,
                    -1.7667949981689453
                ]
            ],
            "new_bbox": [
                [
                    -0.19375340077843917,
                    0.0,
                    -0.04994699979144315
                ],
                [
                    0.32418534791002346,
                    0.09231559753417969,
                    0.7171332819426516
                ]
            ],
            "type": "wardrobe",
            "rotation": 6.0
        },
        {
            "jid": "56b1b9fd-78a1-40d7-b20b-97b5c70f289e",
            "category_id": "41ac92b5-5f88-46d0-a59a-e1ed31739154",
            "size": {
                "xLen": 195.25599670410156,
                "yLen": 239.26499938964844,
                "zLen": 104.81900024414062
            },
            "scale": [
                1.081318915933258,
                1.0,
                0.9016321002092348
            ],
            "pos": [
                2.3248,
                0.0,
                -2.9884
            ],
            "rot": [
                0.0,
                0.0,
                0.0,
                1.0
            ],
            "category": "Single bed",
            "floor": [
                [
                    -0.1541,
                    -0.8595
                ],
                [
                    4.446,
                    -0.8595
                ],
                [
                    4.446,
                    -4.067
                ],
                [
                    -0.1541,
                    -4.067
                ],
                [
                    -0.1541,
                    -0.8595
                ]
            ],
            "unormalized_bbox": [
                [
                    1.3485200164794924,
                    0.0,
                    -3.512495001220703
                ],
                [
                    3.3010799835205082,
                    1.1963249969482421,
                    -2.464304998779297
                ]
            ],
            "new_bbox": [
                [
                    0.3266494242471886,
                    0.0,
                    0.17287763017281282
                ],
                [
                    0.751109754901091,
                    0.47852999877929686,
                    0.49967108377886305
                ]
            ],
            "type": "bed",
            "rotation": 0.0
        },
        {
            "jid": "05101287-941c-4442-af2e-0eef69f136b6",
            "category_id": "89404b8a-5bb6-42cf-95fa-73c9bfba4c97",
            "size": {
                "xLen": 120.06400299072266,
                "yLen": 42.178001403808594,
                "zLen": 76.27210235595703
            },
            "scale": [
                0.5830223735369618,
                1.0,
                0.9483616735900643
            ],
            "pos": [
                1.042,
                0.0,
                -3.8165
            ],
            "rot": [
                0.0,
                0.0,
                0.0,
                1.0
            ],
            "category": "Nightstand",
            "floor": [
                [
                    -0.1541,
                    -0.8595
                ],
                [
                    4.446,
                    -0.8595
                ],
                [
                    4.446,
                    -4.067
                ],
                [
                    -0.1541,
                    -4.067
                ],
                [
                    -0.1541,
                    -0.8595
                ]
            ],
            "unormalized_bbox": [
                [
                    0.4416799850463867,
                    0.0,
                    -4.197860511779785
                ],
                [
                    1.6423200149536132,
                    0.21089000701904298,
                    -3.435139488220215
                ]
            ],
            "new_bbox": [
                [
                    0.12951457251937715,
                    0.0,
                    -0.04079828894147622
                ],
                [
                    0.3905176006942487,
                    0.0843560028076172,
                    0.19699470359463297
                ]
            ],
            "type": "nightstand",
            "rotation": 0.0
        },
        {
            "jid": "05101287-941c-4442-af2e-0eef69f136b6",
            "category_id": "89404b8a-5bb6-42cf-95fa-73c9bfba4c97",
            "size": {
                "xLen": 120.06400299072266,
                "yLen": 42.178001403808594,
                "zLen": 76.27210235595703
            },
            "scale": [
                0.5830223735369618,
                1.0,
                0.9483616735900643
            ],
            "pos": [
                3.6497,
                0.0,
                -3.8165
            ],
            "rot": [
                0.0,
                0.0,
                0.0,
                1.0
            ],
            "category": "Nightstand",
            "floor": [
                [
                    -0.1541,
                    -0.8595
                ],
                [
                    4.446,
                    -0.8595
                ],
                [
                    4.446,
                    -4.067
                ],
                [
                    -0.1541,
                    -4.067
                ],
                [
                    -0.1541,
                    -0.8595
                ]
            ],
            "unormalized_bbox": [
                [
                    3.0493799850463867,
                    0.0,
                    -4.197860511779785
                ],
                [
                    4.250020014953614,
                    0.21089000701904298,
                    -3.435139488220215
                ]
            ],
            "new_bbox": [
                [
                    0.696393553411097,
                    0.0,
                    -0.04079828894147622
                ],
                [
                    0.9573965815859685,
                    0.0843560028076172,
                    0.19699470359463297
                ]
            ],
            "type": "nightstand",
            "rotation": 0.0
        },
        {
            "jid": "4b82d587-f110-41ab-a8cf-49e33db9bd37",