{
    "id": "Bedroom-61980",
    "valid_objects": [
        {
            "jid": "20b9a2fa-2146-4a2e-9652-86a64e415479",
            "category_id": "24670bf9-9c9f-41ae-b190-f5f65eab4ddb",
            "size": {
                "xLen": 161.6219940185547,
                "yLen": 222.2550048828125,
                "zLen": 80.07720184326172
            },
            "scale": [
                1.0,
                1.0,
                1.0
            ],
            "pos": [
                -3.955741416098596,
                0.0,
                -2.1727019816190367
            ],
            "rot": [
                0.0,
                0.0,
                0.0,
                1.0
            ],
            "category": "Drawer Chest / Corner cabinet",
            "floor": [
                [
                    -5.5024,
                    -0.1028
                ],
                [
                    -1.8963,
                    -0.1028
                ],
                [
                    -1.8963,
                    -3.284
                ],
                [
                    -5.5024,
                    -3.284
                ],
                [
                    -5.5024,
                    -0.1028
                ]
            ],
            "unormalized_bbox": [
                [
                    -4.763851386191369,
                    0.0,
                    -2.5730879908353455
                ],
                [
                    -3.147631446005823,
                    1.1112750244140626,
                    -1.7723159724027282
                ]
            ],
            "new_bbox": [
                [
                    0.20480536141777278,
                    0.0,
                    0.22347290618780788
                ],
                [
                    0.6529959108161663,
                    0.44451000976562505,
                    0.4751930176025625
                ]
            ],
            "type": "cabinet",
            "rotation": 0.0
        },
        {
            "jid": "29d5bbf7-f577-4f5c-baa7-1ed3f9817a67",
            "category_id": "89404b8a-5bb6-42cf-95fa-73c9bfba4c97",
            "size": {
                "xLen": 54.72489929199219,
                "yLen": 35.0,
                "zLen": 43.72890090942383
            },
            "scale": [
                1.0,
                1.0,
                1.0
            ],
            "pos": [
                -5.0500207297076845,
                0.0,
                -3.1084086352553197
            ],
            "rot": [
                0.0,
                0.0,
                0.0,
                1.0
            ],
            "category": "Nightstand",
            "floor": [
                [
                    -5.5024,
                    -0.1028
                ],
                [
                    -1.8963,
                    -0.1028
                ],
                [
                    -1.8963,
                    -3.284
                ],
                [
                    -5.5024,
                    -3.284
                ],
                [
                    -5.5024,
                    -0.1028
                ]
            ],
            "unormalized_bbox": [
                [
                    -5.3236452261676455,
                    0.0,
                    -3.3270531398024388
                ],
                [
                    -4.776396233247723,
                    0.175,
                    -2.8897641307082007
                ]
            ],
            "new_bbox": [
                [
                    0.04957011004474482,
                    0.0,
                    -0.013533616183339297
                ],
                [
                    0.20132657628803316,
                    0.06999999999999999,
                    0.12392677898019588
                ]
            ],
            "type": "nightstand",
            "rotation": 0.0
        },
        {
            "jid": "908ee318-f4d3-48b1-8498-f4cb8627aac0",
            "category_id": "e7a0801e-7abd-4634-b3bc-8777342d124e",
            "size": {
                "xLen": 81.89009857177734,
                "yLen": 36.8734016418457,
                "zLen": 82.10669708251953
            },
            "scale": [
                1.0,
                1.0,
                1.0
            ],
            "pos": [
                -3.9558,
                1.728951037597656,
                -1.8698
            ],
            "rot": [
                0.0,
                0.0,
                0.0,
                1.0
            ],
            "category": "Pendant Lamp",
            "floor": [
                [
                    -5.5024,
                    -0.1028
                ],
                [
                    -1.8963,
                    -0.1028
                ],
                [
                    -1.8963,
                    -3.284
                ],
                [
                    -5.5024,
                    -3.284
                ],
                [
                    -5.5024,
                    -0.1028
                ]
            ],
            "unormalized_bbox": [
                [
                    -4.365250492858887,
                    1.728951037597656,
                    -2.2803334854125974
                ],
                [
                    -3.5463495071411133,
                    1.9133180458068846,
                    -1.4592665145874022
                ]
            ],
            "new_bbox": [
                [
                    0.3153405360752928,
                    0.6915804150390624,
                    0.31549934445724964
                ],
                [
                    0.5424282446018931,
                    0.7653272183227539,
                    0.5735991089565566
                ]
            ],
            "type": "lamp",
            "rotation": 0.0
        },
        {
            "jid": "5259bd25-a96d-43b6-a04a-f23614b1f07c",
            "category_id": "2dd2368f-a3eb-43c2-8a6b-d585cd19d9a6",
            "size": {
                "xLen": 363.6000061035156,
                "yLen": 66.30010223388672,
                "zLen": 194.0
            },
            "scale": [
                1.0,
                1.0,
                1.0
            ],
            "pos": [
                -2.2282894568549256,
                0.0,
                -1.3751110772026907
            ],
            "rot": [
                0.0,
                -0.70711,
                0.0,
                0.70711
            ],
            "category": "Wardrobe",
            "floor": [
                [
                    -5.5024,
                    -0.1028
                ],
                [
                    -1.8963,
                    -0.1028
                ],
                [
                    -1.8963,
                    -3.284
                ],
                [
                    -5.5024,
                    -3.284
                ],
                [
                    -5.5024,
                    -0.1028
                ]
            ],
            "unormalized_bbox": [
                [
                    -4.046289487372504,
                    0.0,
                    -2.3451110772026906
                ],
                [
                    -0.41028942633734755,
                    0.3315005111694336,
                    -0.4051110772026907
                ]
            ],
            "new_bbox": [
                [
                    0.40379094107969715,
                    0.0,
                    0.2951367165840907
                ],
                [
                    1.4120824640644056,
                    0.13260020446777343,
                    0.9049694840932068
                ]
            ],
            "type": "wardrobe",
            "rotation": 18.0
        }
    ],
    "bbox": [
        3.6060999999999996,
        2.5,
        3.1811999999999996
    ],