{
    "id": "SecondBedroom-4816",
    "valid_objects": [
        {
            "jid": "51d8f810-d983-4ab4-a460-0f3c4c8efa30",
            "category_id": "41ac92b5-5f88-46d0-a59a-e1ed31739154",
            "size": {
                "xLen": 182.6929931640625,
                "yLen": 228.38800048828125,
                "zLen": 170.5540008544922
            },
            "scale": [
                1.019935157264264,
                1.0,
                0.9954200516367446
            ],
            "pos": [
                1.1568,
                0.0,
                -1.849
            ],
            "rot": [
                0.0,
                0.0,
                0.0,
                1.0
            ],
            "category": "King-size Bed",
            "floor": [
                [
                    -0.38,
                    0.353
                ],
                [
                    2.869,
                    0.353
                ],
                [
                    2.869,
                    -2.9836
                ],
                [
                    -0.38,
                    -2.9836
                ],
                [
                    -0.38,
                    0.353
                ]
            ],
            "unormalized_bbox": [
                [
                    0.2433350341796876,
                    0.0,
                    -2.701770004272461
                ],
                [
                    2.0702649658203125,
                    1.1419400024414061,
                    -0.996229995727539
                ]
            ],
            "new_bbox": [
                [
                    0.19185442726367732,
                    0.0,
                    0.0844662218208773
                ],
                [
                    0.7541597309388465,
                    0.45677600097656246,
                    0.5956272865409282
                ]
            ],
            "type": "bed",
            "rotation": 0.0
        },
        {
            "jid": "8bf54b30-9829-441a-9a79-f17648f0966b",
            "category_id": "89404b8a-5bb6-42cf-95fa-73c9bfba4c97",
            "size": {
                "xLen": 47.308799743652344,
                "yLen": 52.678001403808594,
                "zLen": 71.2761001586914
            },
            "scale": [
                1.1902859748947685,
                1.0,
                0.7228140730882594
            ],
            "pos": [
                -0.07989999999999967,
                0.0,
                -2.7208
            ],
            "rot": [
                0.0,
                0.0,
                0.0,
                1.0
            ],
            "category": "Nightstand",
            "floor": [
                [
                    -0.38,
                    0.353
                ],
                [
                    2.869,
                    0.353
                ],
                [
                    2.869,
                    -2.9836
                ],
                [
                    -0.38,
                    -2.9836
                ],
                [
                    -0.38,
                    0.353
                ]
            ],
            "unormalized_bbox": [
                [
                    -0.31644399871826134,
                    0.0,
                    -3.077180500793457
                ],
                [
                    0.15664399871826204,
                    0.26339000701904297,
                    -2.364419499206543
                ]
            ],
            "new_bbox": [
                [
                    0.019561711690285827,
                    0.0,
                    -0.02804666450682046
                ],
                [
                    0.16517205254486367,
                    0.10535600280761719,
                    0.18557228939443057
                ]
            ],
            "type": "nightstand",
            "rotation": 0.0
        },
        {
            "jid": "8bf54b30-9829-441a-9a79-f17648f0966b",
            "category_id": "89404b8a-5bb6-42cf-95fa-73c9bfba4c97",
            "size": {
                "xLen": 47.308799743652344,
                "yLen": 52.678001403808594,
                "zLen": 71.2761001586914
            },
            "scale": [
                1.1902859748947685,
                1.0,
                0.7228140730882594
            ],
            "pos": [
                2.3701,
                0.0,
                -2.7414
            ],
            "rot": [
                0.0,
                0.0,
                0.0,
                1.0
            ],
            "category": "Nightstand",
            "floor": [
                [
                    -0.38,
                    0.353
                ],
                [
                    2.869,
                    0.353
                ],
                [
                    2.869,
                    -2.9836
                ],
                [
                    -0.38,
                    -2.9836
                ],
                [
                    -0.38,
                    0.353
                ]
            ],
            "unormalized_bbox": [
                [
                    2.1335560012817383,
                    0.0,
                    -3.097780500793457
                ],
                [
                    2.6066439987182615,
                    0.26339000701904297,
                    -2.385019499206543
                ]
            ],
            "new_bbox": [
                [
                    0.7736398895911782,
                    0.0,
                    -0.03422061403628158
                ],
                [
                    0.919250230445756,
                    0.10535600280761719,
                    0.17939833986496945
                ]
            ],
            "type": "nightstand",
            "rotation": 0.0
        },
        {
            "jid": "3d8da11d-054d-4cbf-91a9-812db32b061e",
            "category_id": "a1804c08-fbdc-4696-9c38-3d3b143c1b02",
            "size": {
                "xLen": 172.55099487304688,
                "yLen": 41.12189865112305,
                "zLen": 52.2489013671875
            },
            "scale": [
                1.0868330843039036,
                1.0,
                0.9821385418863086
            ],
            "pos": [
                1.2173,
                0.0,
                0.15109999999999996
            ],
            "rot": [
                0.0,
                -1.0,
                0.0,
                0.0
            ],
            "category": "TV Stand",
            "floor": [
                [
                    -0.38,
                    0.353
                ],
                [
                    2.869,
                    0.353
                ],
                [
                    2.869,
                    -2.9836
                ],
                [
                    -0.38,
                    -2.9836
                ],
                [
                    -0.38,
                    0.353
                ]
            ],
            "unormalized_bbox": [
                [
                    0.35454502563476564,
                    0.0,
                    -0.11014450683593752
                ],
                [
                    2.0800549743652343,
                    0.20560949325561523,
                    0.41234450683593743
                ]
            ],
            "new_bbox": [
                [
                    0.22608341817013408,
                    0.0,
                    0.8611926791236776
                ],
                [
                    0.7571729684103522,
                    0.0822437973022461,
                    1.0177859218473708
                ]
            ],
            "type": "stand",
            "rotation": 0.0
        },
        {
            "jid": "c894d593-ad87-445a-b795-9a1a7e4294b3",
            "category_id": "e7a0801e-7abd-4634-b3bc-8777342d124e",