{
    "id": "SecondBedroom-22652",
    "valid_objects": [
        {
            "jid": "05ddba2d-6a8a-47d0-a8fc-90ebf5df2871",
            "category_id": "2dd2368f-a3eb-43c2-8a6b-d585cd19d9a6",
            "size": {
                "xLen": 73.76529693603516,
                "yLen": 61.471099853515625,
                "zLen": 227.4429931640625
            },
            "scale": [
                1.0,
                1.0,
                1.0
            ],
            "pos": [
                -3.31416,
                0.0,
                1.5073427769639758
            ],
            "rot": [
                0.0,
                0.0,
                0.0,
                1.0
            ],
            "category": "Wardrobe",
            "floor": [
                [
                    -5.7662,
                    5.41226
                ],
                [
                    -2.13001,
                    5.41226
                ],
                [
                    -2.13001,
                    1.1972
                ],
                [
                    -5.7662,
                    1.1972
                ],
                [
                    -5.7662,
                    5.41226
                ]
            ],
            "unormalized_bbox": [
                [
                    -3.682986484680176,
                    0.0,
                    0.3701278111436632
                ],
                [
                    -2.9453335153198243,
                    0.3073554992675781,
                    2.644557742784288
                ]
            ],
            "new_bbox": [
                [
                    0.5729110732166978,
                    0.0,
                    -0.1962183667270067
                ],
                [
                    0.7757753265588915,
                    0.12294219970703124,
                    0.3433777319384038
                ]
            ],
            "type": "wardrobe",
            "rotation": 0.0
        },
        {
            "jid": "6d2fc776-acfe-4c1b-b6ce-f4df0925ce49",
            "category_id": "41ac92b5-5f88-46d0-a59a-e1ed31739154",
            "size": {
                "xLen": 215.1269989013672,
                "yLen": 230.14500427246094,
                "zLen": 111.0199966430664
            },
            "scale": [
                1.0,
                1.0,
                1.0
            ],
            "pos": [
                -3.2886350416324657,
                0.0,
                3.60738
            ],
            "rot": [
                0.0,
                -0.70711,
                0.0,
                0.70711
            ],
            "category": "King-size Bed",
            "floor": [
                [
                    -5.7662,
                    5.41226
                ],
                [
                    -2.13001,
                    5.41226
                ],
                [
                    -2.13001,
                    1.1972
                ],
                [
                    -5.7662,
                    1.1972
                ],
                [
                    -5.7662,
                    5.41226
                ]
            ],
            "unormalized_bbox": [
                [
                    -4.364270036139302,
                    0.0,
                    3.052280016784668
                ],
                [
                    -2.2130000471256297,
                    1.1507250213623046,
                    4.1624799832153325
                ]
            ],
            "new_bbox": [
                [
                    0.38554915003360624,
                    0.0,
                    0.4401076181085603
                ],
                [
                    0.9771766472253568,
                    0.46029000854492186,
                    0.7034965061506439
                ]
            ],
            "type": "bed",
            "rotation": 18.0
        },
        {
            "jid": "5eea9ea7-f143-47f1-97d9-3fb4a3a98703",
            "category_id": "89404b8a-5bb6-42cf-95fa-73c9bfba4c97",
            "size": {
                "xLen": 55.206600189208984,
                "yLen": 54.96889877319336,
                "zLen": 49.83729934692383
            },
            "scale": [
                1.0,
                1.0,
                1.0
            ],
            "pos": [
                -2.4131762811390693,
                0.0,
                2.3124062578149336
            ],
            "rot": [
                0.0,
                -0.70711,
                0.0,
                0.70711
            ],
            "category": "Nightstand",
            "floor": [
                [
                    -5.7662,
                    5.41226
                ],
                [
                    -2.13001,
                    5.41226
                ],
                [
                    -2.13001,
                    1.1972
                ],
                [
                    -5.7662,
                    1.1972
                ],
                [
                    -5.7662,
                    5.41226
                ]
            ],
            "unormalized_bbox": [
                [
                    -2.6892092820851143,
                    0.0,
                    2.0632197610803145
                ],
                [
                    -2.1371432801930244,
                    0.2748444938659668,
                    2.5615927545495527
                ]
            ],
            "new_bbox": [
                [
                    0.8462128540903764,
                    0.0,
                    0.205458465853467
                ],
                [
                    0.9980382542735599,
                    0.10993779754638673,
                    0.323694740893262
                ]
            ],
            "type": "nightstand",
            "rotation": 18.0
        },
        {
            "jid": "5eea9ea7-f143-47f1-97d9-3fb4a3a98703",
            "category_id": "89404b8a-5bb6-42cf-95fa-73c9bfba4c97",
            "size": {
                "xLen": 55.206600189208984,
                "yLen": 54.96889877319336,
                "zLen": 49.83729934692383
            },
            "scale": [
                1.0,
                1.0,
                1.0
            ],
            "pos": [
                -2.4131762811390693,
                0.0,
                4.930993742185067
            ],
            "rot": [
                0.0,
                -0.70711,
                0.0,
                0.70711
            ],
            "category": "Nightstand",
            "floor": [
                [
                    -5.7662,
                    5.41226
                ],
                [
                    -2.13001,
                    5.41226
                ],
                [
                    -2.13001,
                    1.1972
                ],
                [
                    -5.7662,
                    1.1972
                ],
                [
                    -5.7662,
                    5.41226
                ]
            ],
            "unormalized_bbox": [
                [
                    -2.6892092820851143,
                    0.0,
                    4.681807245450448
                ],
                [
                    -2.1371432801930244,
                    0.2748444938659668,
                    5.180180238919687
                ]
            ],
            "new_bbox": [
                [
                    0.8462128540903764,
                    0.0,
                    0.8267040671901345
                ],
                [
                    0.9980382542735599,
                    0.10993779754638673,
                    0.9449403422299296
                ]
            ],
            "type": "nightstand",
            "rotation": 18.0
        }
    ],
    "bbox": [
        3.6361900000000005,
        2.5,
        4.215059999999999
    ],