{
    "id": "MasterBedroom-36389",
    "valid_objects": [
        {
            "jid": "06cead8d-3a07-466f-a141-4cc4c792d3fd",
            "category_id": "41ac92b5-5f88-46d0-a59a-e1ed31739154",
            "size": {
                "xLen": 168.4029998779297,
                "yLen": 211.322998046875,
                "zLen": 121.68399810791016
            },
            "scale": [
                1.0,
                1.0,
                1.0
            ],
            "pos": [
                3.878833734087497,
                0.0,
                3.99861451965274
            ],
            "rot": [
                0.0,
                -0.70711,
                0.0,
                0.70711
            ],
            "category": "King-size Bed",
            "floor": [
                [
                    1.922,
                    5.5741
                ],
                [
                    5.0223,
                    5.5741
                ],
                [
                    5.0223,
                    2.0435
                ],
                [
                    1.922,
                    2.0435
                ],
                [
                    1.922,
                    5.5741
                ]
            ],
            "unormalized_bbox": [
                [
                    3.0368187346978486,
                    0.0,
                    3.390194529113189
                ],
                [
                    4.720848733477146,
                    1.056614990234375,
                    4.607034510192291
                ]
            ],
            "new_bbox": [
                [
                    0.3595841482107694,
                    0.0,
                    0.3814350334541407
                ],
                [
                    0.9027670655991825,
                    0.42264599609375003,
                    0.726090327477565
                ]
            ],
            "type": "bed",
            "rotation": 18.0
        },
        {
            "jid": "44a785fa-1afe-465c-90ea-5847592b334b",
            "category_id": "89404b8a-5bb6-42cf-95fa-73c9bfba4c97",
            "size": {
                "xLen": 40.00419998168945,
                "yLen": 30.33180046081543,
                "zLen": 42.94240188598633
            },
            "scale": [
                1.0,
                1.0,
                1.0
            ],
            "pos": [
                4.84699,
                0.0,
                4.99876
            ],
            "rot": [
                0.0,
                -0.70711,
                0.0,
                0.70711
            ],
            "category": "Nightstand",
            "floor": [
                [
                    1.922,
                    5.5741
                ],
                [
                    5.0223,
                    5.5741
                ],
                [
                    5.0223,
                    2.0435
                ],
                [
                    1.922,
                    2.0435
                ],
                [
                    1.922,
                    5.5741
                ]
            ],
            "unormalized_bbox": [
                [
                    4.646969000091553,
                    0.0,
                    4.784047990570068
                ],
                [
                    5.047010999908447,
                    0.15165900230407714,
                    5.213472009429932
                ]
            ],
            "new_bbox": [
                [
                    0.8789371996553729,
                    0.0,
                    0.7762272674814672
                ],
                [
                    1.0079705189525034,
                    0.06066360092163085,
                    0.8978564576644005
                ]
            ],
            "type": "nightstand",
            "rotation": 18.0
        },
        {
            "jid": "44a785fa-1afe-465c-90ea-5847592b334b",
            "category_id": "89404b8a-5bb6-42cf-95fa-73c9bfba4c97",
            "size": {
                "xLen": 40.00419998168945,
                "yLen": 30.33180046081543,
                "zLen": 42.94240188598633
            },
            "scale": [
                1.0,
                1.0,
                1.0
            ],
            "pos": [
                4.8680477017077886,
                0.0,
                2.973412808233596
            ],
            "rot": [
                0.0,
                -0.70711,
                0.0,
                0.70711
            ],
            "category": "Nightstand",
            "floor": [
                [
                    1.922,
                    5.5741
                ],
                [
                    5.0223,
                    5.5741
                ],
                [
                    5.0223,
                    2.0435
                ],
                [
                    1.922,
                    2.0435
                ],
                [
                    1.922,
                    5.5741
                ]
            ],
            "unormalized_bbox": [
                [
                    4.6680267017993415,
                    0.0,
                    2.7587007988036647
                ],
                [
                    5.068068701616236,
                    0.15165900230407714,
                    3.1881248176635277
                ]
            ],
            "new_bbox": [
                [
                    0.8857293493530759,
                    0.0,
                    0.2025720270785886
                ],
                [
                    1.0147626686502065,
                    0.06066360092163085,
                    0.3242012172615215
                ]
            ],
            "type": "nightstand",
            "rotation": 18.0
        },
        {
            "jid": "7445b1b0-ce5d-4dac-9665-6e1211d7d454",
            "category_id": "2dd2368f-a3eb-43c2-8a6b-d585cd19d9a6",
            "size": {
                "xLen": 234.218994140625,
                "yLen": 64.2708969116211,
                "zLen": 232.718994140625
            },
            "scale": [
                1.0,
                1.0,
                1.0
            ],
            "pos": [
                3.832198921440973,
                0.0,
                2.370612760620117
            ],
            "rot": [
                0.0,
                0.0,
                0.0,
                1.0
            ],
            "category": "Wardrobe",
            "floor": [
                [
                    1.922,
                    5.5741
                ],
                [
                    5.0223,
                    5.5741
                ],
                [
                    5.0223,
                    2.0435
                ],
                [
                    1.922,
                    2.0435
                ],
                [
                    1.922,
                    5.5741
                ]
            ],
            "unormalized_bbox": [
                [
                    2.661103950737848,
                    0.0,
                    1.207017789916992
                ],
                [
                    5.003293892144098,
                    0.32135448455810545,
                    3.5342077313232423
                ]
            ],
            "new_bbox": [
                [
                    0.23839755853880196,
                    0.0,
                    -0.23692352860222282
                ],
                [
                    0.9938695907312511,
                    0.12854179382324218,
                    0.4222250414442991
                ]
            ],
            "type": "wardrobe",
            "rotation": 0.0
        },
        {
            "jid": "7445b1b0-ce5d-4dac-9665-6e1211d7d454",
            "category_id": "2dd2368f-a3eb-43c2-8a6b-d585cd19d9a6",
            "size": {
                "xLen": 234.218994140625,